Handle,Title,Body (HTML),Vendor,Type,Tags,Published,Option1 Name,Option1 Value,Variant Grams,Variant Inventory Qty,Variant Inventory Policy,Variant Fulfillment Service,Variant Price,Variant Compare At Price,Variant Requires Shipping,Variant Taxable,Image Src,Image Position,Image Alt Text,Status
animals-tales-from-panchtantra-timeless-stories-for-children-from-ancient-india,Animals Tales From Panchtantra: Timeless Stories for Children From Ancient India,"<ul>
<li>Gorgeous Illustrations</li>
<li>Stories have morals</li>
<li>Develops a reading habit in children</li>
<li>Builds vocabulary</li>
<li>Classic Stories for children</li>
</ul>",,Books,"children-books, books, 1-3-years, 4-7-years, 8+-years, gender-neutral, stories, interactive-books, creative-books, story-books, girls, boys",TRUE,,,,,deny,manual,199.00,349.00,TRUE,TRUE,https://m.media-amazon.com/images/I/71esglHnz-L._SL1200_.jpg,1,Animals Tales From Panchtantra: Timeless Stories for Children From Ancient India,active
animals-tales-from-panchtantra-timeless-stories-for-children-from-ancient-india,,,,,,,,,,,,,,,,,https://m.media-amazon.com/images/I/71AzJAErIQL._SL1200_.jpg,2,Animals Tales From Panchtantra: Timeless Stories for Children From Ancient India,
animals-tales-from-panchtantra-timeless-stories-for-children-from-ancient-india,,,,,,,,,,,,,,,,,https://m.media-amazon.com/images/I/71v8+PDM1FL._SL1200_.jpg,3,Animals Tales From Panchtantra: Timeless Stories for Children From Ancient India,
animals-tales-from-panchtantra-timeless-stories-for-children-from-ancient-india,,,,,,,,,,,,,,,,,https://m.media-amazon.com/images/I/61ab8Nokt9L._SL1200_.jpg,4,Animals Tales From Panchtantra: Timeless Stories for Children From Ancient India,
animals-tales-from-panchtantra-timeless-stories-for-children-from-ancient-india,,,,,,,,,,,,,,,,,https://m.media-amazon.com/images/I/61woi-FxBDL._SL1200_.jpg,5,Animals Tales From Panchtantra: Timeless Stories for Children From Ancient India,
animals-tales-from-panchtantra-timeless-stories-for-children-from-ancient-india,,,,,,,,,,,,,,,,,https://m.media-amazon.com/images/I/61VkiVib93L._SL1200_.jpg,6,Animals Tales From Panchtantra: Timeless Stories for Children From Ancient India,
booktopus-torch-discovery-book-jungle-animals-hidden-picture-book-with-torch-learning-activity-books-for-kids-4-years,Booktopus Torch Discovery Book - Jungle Animals Hidden Picture Book with Torch - Learning Activity Books for Kids 4+ Years,"<p>The jungle can be a difficult space to spot all animals due to its foliage, but nothing can remain hidden for too long with the Torch series. Featuring an innovative design, this book is ideal for the young detectives at home, who enjoy a game of hide-and-seek alongside learning.</p>",,Books,"children-books, books, 1-3-years, 4-7-years, 8+-years, gender-neutral, stories, interactive-books, creative-books, girls, boys",TRUE,,,,,deny,manual,271.00,399.00,TRUE,TRUE,https://m.media-amazon.com/images/I/81klFZ9NEYL._SL1500_.jpg,1,Booktopus Torch Discovery Book - Jungle Animals Hidden Picture Book with Torch - Learning Activity Books for Kids 4+ Years,active
booktopus-torch-discovery-book-jungle-animals-hidden-picture-book-with-torch-learning-activity-books-for-kids-4-years,,,,,,,,,,,,,,,,,https://m.media-amazon.com/images/I/71rxbBQMJnL._SL1500_.jpg,2,Booktopus Torch Discovery Book - Jungle Animals Hidden Picture Book with Torch - Learning Activity Books for Kids 4+ Years,
booktopus-torch-discovery-book-jungle-animals-hidden-picture-book-with-torch-learning-activity-books-for-kids-4-years,,,,,,,,,,,,,,,,,https://m.media-amazon.com/images/I/71PZ66oaPsL._SL1500_.jpg,3,Booktopus Torch Discovery Book - Jungle Animals Hidden Picture Book with Torch - Learning Activity Books for Kids 4+ Years,
booktopus-torch-discovery-book-super-space-hidden-picture-book-with-torch-learning-activity-books-for-kids-4-years-interactive-book,Booktopus Torch Discovery Book - Super Space Hidden Picture Book with Torch - Learning Activity Books for Kids 4+ Years - Interactive Book,"<p>An exciting discovery book with a special torch mechanism that transforms reading into an adventure. Hidden details come alive with the included torch, making learning magical.</p>
<p>This discovery book:</p>
<ul>
<li>Makes learning delightful through hidden picture revelation</li>
<li>Turns reading into an exciting adventure</li>
<li>Encourages exploration and discovery</li>
<li>Includes special torch with ribbon attachment</li>
<li>Perfect for gifting to curious young minds</li>
</ul>",,Books,"children-books, books, 1-3-years, 4-7-years, 8+-years, gender-neutral, stories, interactive-books, creative-books, girls, boys",TRUE,,,,,deny,manual,271.00,399.00,TRUE,TRUE,https://m.media-amazon.com/images/I/81Zy3A+8MqL._SL1500_.jpg,1,Booktopus Torch Discovery Book - Super Space Hidden Picture Book with Torch - Learning Activity Books for Kids 4+ Years - Interactive Book,active
booktopus-torch-discovery-book-super-space-hidden-picture-book-with-torch-learning-activity-books-for-kids-4-years-interactive-book,,,,,,,,,,,,,,,,,https://m.media-amazon.com/images/I/71ef5QF4B6L._SL1500_.jpg,2,Booktopus Torch Discovery Book - Super Space Hidden Picture Book with Torch - Learning Activity Books for Kids 4+ Years - Interactive Book,
booktopus-torch-discovery-book-super-space-hidden-picture-book-with-torch-learning-activity-books-for-kids-4-years-interactive-book,,,,,,,,,,,,,,,,,https://m.media-amazon.com/images/I/7140ZElplDL._SL1500_.jpg,3,Booktopus Torch Discovery Book - Super Space Hidden Picture Book with Torch - Learning Activity Books for Kids 4+ Years - Interactive Book,
my-little-book-of-planets-rhyming-illustrated-solar-system-board-book-for-kids-fun-learning-about-planets-for-toddlers-preschoolers-ages-3-book-for-3-penguin-early-learning-series,My Little Book of Planets: Rhyming & Illustrated Solar System Board Book for Kids | Fun Learning About Planets for Toddlers & Preschoolers | Ages 3+ ... | Book for 3+ [Penguin Early Learning Series],"<p>Get ready for an out-of-this-world journeyExplore the uniqueness of each planet, from speedy Mercury to windy Neptune and all the planets in between.Each page is packed with short, engaging rhymes that make learning fun and memorable, transforming complex concepts into simple, enjoyable lessons.But it’s not just the rhymes that make this book stand out:</p>
<p>Whether used as a bedtime book or a classroom resource, this book is sure to inspire a lifelong love of science and exploration.</p>
<ul>
<li>Thevibrant, beautiful illustrationsbring the planets to life</li>
<li>Stunning designs capture theimagination</li>
<li>Itsparks curiosityencouraging young minds to explore further</li>
</ul>",,Books,"children-books, books, 1-3-years, 4-7-years, 8+-years, gender-neutral, stories, interactive-books, creative-books, educational-books, girls, boys",TRUE,,,,,deny,manual,192.00,350.00,TRUE,TRUE,https://m.media-amazon.com/images/I/71anctxl7EL._SL1500_.jpg,1,My Little Book of Planets: Rhyming & Illustrated Solar System Board Book for Kids | Fun Learning About Planets for Toddlers & Preschoolers | Ages 3+ ... | Book for 3+ [Penguin Early Learning Series],active
my-little-book-of-planets-rhyming-illustrated-solar-system-board-book-for-kids-fun-learning-about-planets-for-toddlers-preschoolers-ages-3-book-for-3-penguin-early-learning-series,,,,,,,,,,,,,,,,,https://m.media-amazon.com/images/I/71n9uhpoJdL._SL1500_.jpg,2,My Little Book of Planets: Rhyming & Illustrated Solar System Board Book for Kids | Fun Learning About Planets for Toddlers & Preschoolers | Ages 3+ ... | Book for 3+ [Penguin Early Learning Series],
my-little-book-of-planets-rhyming-illustrated-solar-system-board-book-for-kids-fun-learning-about-planets-for-toddlers-preschoolers-ages-3-book-for-3-penguin-early-learning-series,,,,,,,,,,,,,,,,,https://m.media-amazon.com/images/I/71nTiTwjVjL._SL1500_.jpg,3,My Little Book of Planets: Rhyming & Illustrated Solar System Board Book for Kids | Fun Learning About Planets for Toddlers & Preschoolers | Ages 3+ ... | Book for 3+ [Penguin Early Learning Series],
my-little-book-of-planets-rhyming-illustrated-solar-system-board-book-for-kids-fun-learning-about-planets-for-toddlers-preschoolers-ages-3-book-for-3-penguin-early-learning-series,,,,,,,,,,,,,,,,,https://m.media-amazon.com/images/I/6120QTIRewL._SL1500_.jpg,4,My Little Book of Planets: Rhyming & Illustrated Solar System Board Book for Kids | Fun Learning About Planets for Toddlers & Preschoolers | Ages 3+ ... | Book for 3+ [Penguin Early Learning Series],
my-little-book-of-planets-rhyming-illustrated-solar-system-board-book-for-kids-fun-learning-about-planets-for-toddlers-preschoolers-ages-3-book-for-3-penguin-early-learning-series,,,,,,,,,,,,,,,,,https://m.media-amazon.com/images/I/71S-i9U-fYL._SL1500_.jpg,5,My Little Book of Planets: Rhyming & Illustrated Solar System Board Book for Kids | Fun Learning About Planets for Toddlers & Preschoolers | Ages 3+ ... | Book for 3+ [Penguin Early Learning Series],
my-little-book-of-planets-rhyming-illustrated-solar-system-board-book-for-kids-fun-learning-about-planets-for-toddlers-preschoolers-ages-3-book-for-3-penguin-early-learning-series,,,,,,,,,,,,,,,,,https://m.media-amazon.com/images/I/71LeU9GLELL._SL1500_.jpg,6,My Little Book of Planets: Rhyming & Illustrated Solar System Board Book for Kids | Fun Learning About Planets for Toddlers & Preschoolers | Ages 3+ ... | Book for 3+ [Penguin Early Learning Series],
my-little-book-of-planets-rhyming-illustrated-solar-system-board-book-for-kids-fun-learning-about-planets-for-toddlers-preschoolers-ages-3-book-for-3-penguin-early-learning-series,,,,,,,,,,,,,,,,,https://m.media-amazon.com/images/I/71-HhetDn3L._SL1058_.jpg,7,My Little Book of Planets: Rhyming & Illustrated Solar System Board Book for Kids | Fun Learning About Planets for Toddlers & Preschoolers | Ages 3+ ... | Book for 3+ [Penguin Early Learning Series],
my-little-book-of-planets-rhyming-illustrated-solar-system-board-book-for-kids-fun-learning-about-planets-for-toddlers-preschoolers-ages-3-book-for-3-penguin-early-learning-series,,,,,,,,,,,,,,,,,https://m.media-amazon.com/images/I/615qx80jxpL._SL1058_.jpg,8,My Little Book of Planets: Rhyming & Illustrated Solar System Board Book for Kids | Fun Learning About Planets for Toddlers & Preschoolers | Ages 3+ ... | Book for 3+ [Penguin Early Learning Series],
my-first-mythology-tale-illustrated-set-of-5-books-mahabharata-krishna-hanuman-ganesha-ramayana-story-book-for-kids,"My First Mythology Tale (Illustrated) (Set of 5 Books) - Mahabharata, Krishna, Hanuman, Ganesha, Ramayana - Story Book for Kids",,,Books,"children-books, books, 1-3-years, 4-7-years, 8+-years, gender-neutral, stories, interactive-books, creative-books, indian-mythology, story-books, girls, boys",TRUE,,,,,deny,manual,172.00,275.00,TRUE,TRUE,https://m.media-amazon.com/images/I/71xWWxjzF7L._SL1500_.jpg,1,"My First Mythology Tale (Illustrated) (Set of 5 Books) - Mahabharata, Krishna, Hanuman, Ganesha, Ramayana - Story Book for Kids",active
my-first-mythology-tale-illustrated-set-of-5-books-mahabharata-krishna-hanuman-ganesha-ramayana-story-book-for-kids,,,,,,,,,,,,,,,,,https://m.media-amazon.com/images/I/61AlbwQwKIL._SL1200_.jpg,2,"My First Mythology Tale (Illustrated) (Set of 5 Books) - Mahabharata, Krishna, Hanuman, Ganesha, Ramayana - Story Book for Kids",
my-first-mythology-tale-illustrated-set-of-5-books-mahabharata-krishna-hanuman-ganesha-ramayana-story-book-for-kids,,,,,,,,,,,,,,,,,https://m.media-amazon.com/images/I/61gJEbSCjcL._SL1200_.jpg,3,"My First Mythology Tale (Illustrated) (Set of 5 Books) - Mahabharata, Krishna, Hanuman, Ganesha, Ramayana - Story Book for Kids",
my-first-mythology-tale-illustrated-set-of-5-books-mahabharata-krishna-hanuman-ganesha-ramayana-story-book-for-kids,,,,,,,,,,,,,,,,,https://m.media-amazon.com/images/I/61gzl52c9uL._SL1200_.jpg,4,"My First Mythology Tale (Illustrated) (Set of 5 Books) - Mahabharata, Krishna, Hanuman, Ganesha, Ramayana - Story Book for Kids",
my-first-mythology-tale-illustrated-set-of-5-books-mahabharata-krishna-hanuman-ganesha-ramayana-story-book-for-kids,,,,,,,,,,,,,,,,,https://m.media-amazon.com/images/I/615pnAqZm5L._SL1200_.jpg,5,"My First Mythology Tale (Illustrated) (Set of 5 Books) - Mahabharata, Krishna, Hanuman, Ganesha, Ramayana - Story Book for Kids",
my-first-mythology-tale-illustrated-set-of-5-books-mahabharata-krishna-hanuman-ganesha-ramayana-story-book-for-kids,,,,,,,,,,,,,,,,,https://m.media-amazon.com/images/I/61Kk0o1ap4L._SL1200_.jpg,6,"My First Mythology Tale (Illustrated) (Set of 5 Books) - Mahabharata, Krishna, Hanuman, Ganesha, Ramayana - Story Book for Kids",
my-first-mythology-tale-illustrated-set-of-5-books-mahabharata-krishna-hanuman-ganesha-ramayana-story-book-for-kids,,,,,,,,,,,,,,,,,https://m.media-amazon.com/images/I/51+B5qiOLDL._SL1080_.jpg,7,"My First Mythology Tale (Illustrated) (Set of 5 Books) - Mahabharata, Krishna, Hanuman, Ganesha, Ramayana - Story Book for Kids",
my-first-mythology-tale-illustrated-set-of-5-books-mahabharata-krishna-hanuman-ganesha-ramayana-story-book-for-kids,,,,,,,,,,,,,,,,,https://m.media-amazon.com/images/I/61rj6SAeQXL._SL1080_.jpg,8,"My First Mythology Tale (Illustrated) (Set of 5 Books) - Mahabharata, Krishna, Hanuman, Ganesha, Ramayana - Story Book for Kids",
my-first-mythology-tale-illustrated-set-of-5-books-mahabharata-krishna-hanuman-ganesha-ramayana-story-book-for-kids,,,,,,,,,,,,,,,,,https://m.media-amazon.com/images/I/61Ni8gOHtbL._SL1080_.jpg,9,"My First Mythology Tale (Illustrated) (Set of 5 Books) - Mahabharata, Krishna, Hanuman, Ganesha, Ramayana - Story Book for Kids",
my-first-mythology-tale-illustrated-set-of-5-books-mahabharata-krishna-hanuman-ganesha-ramayana-story-book-for-kids,,,,,,,,,,,,,,,,,https://m.media-amazon.com/images/I/61MvAnpggkL._SL1080_.jpg,10,"My First Mythology Tale (Illustrated) (Set of 5 Books) - Mahabharata, Krishna, Hanuman, Ganesha, Ramayana - Story Book for Kids",
shlokas-and-mantras-for-kids-illustrated-padded-board-book-simple-sanskrit-shlokas-with-english-hindi-translations-first-spiritual-book-to-teach-indian-culture-values-devotional-practices-book-for-toddlers-preschoolers-early-readers-ages-26-years,"Shlokas and Mantras for Kids – Illustrated Padded Board Book: Simple Sanskrit Shlokas with English & Hindi Translations | First Spiritual Book to Teach Indian Culture, Values & Devotional Practices | Book for Toddlers, Preschoolers & Early Readers | Ages 2–6 Years","<ul>
<li>Shlokas and Mantras For Kids</li>
</ul>
<p>‘Shlokas and Mantras for Kids’ is a beautifully crafted board book designed to introduce children to shlokas and mantras from ancient Indian texts. This book offers a gentle and accessible way for the young readers to learn and appreciate the sacred verses and chants.</p>
<ul>
<li>Delightful Shlokas and Mantras for Children!</li>
<li>Includes a selection of simple, child-friendly shlokas and mantras</li>
<li>Instills knowledge of religious hymns</li>
<li>Encourages mindfulness and concentration</li>
<li>Promotes spiritual learning</li>
<li>Introduces important cultural and spiritual concepts</li>
</ul>",,Books,"children-books, books, 1-3-years, 4-7-years, 8+-years, gender-neutral, stories, interactive-books, creative-books, indian-mythology, girls, boys",TRUE,,,,,deny,manual,199.00,349.00,TRUE,TRUE,https://m.media-amazon.com/images/I/81r2q3SMrBL._SL1500_.jpg,1,"Shlokas and Mantras for Kids – Illustrated Padded Board Book: Simple Sanskrit Shlokas with English & Hindi Translations | First Spiritual Book to Teach Indian Culture, Values & Devotional Practices | Book for Toddlers, Preschoolers & Early Readers | Ages 2–6 Years",active
shlokas-and-mantras-for-kids-illustrated-padded-board-book-simple-sanskrit-shlokas-with-english-hindi-translations-first-spiritual-book-to-teach-indian-culture-values-devotional-practices-book-for-toddlers-preschoolers-early-readers-ages-26-years,,,,,,,,,,,,,,,,,https://m.media-amazon.com/images/I/81ViR-IV7dL._SL1500_.jpg,2,"Shlokas and Mantras for Kids – Illustrated Padded Board Book: Simple Sanskrit Shlokas with English & Hindi Translations | First Spiritual Book to Teach Indian Culture, Values & Devotional Practices | Book for Toddlers, Preschoolers & Early Readers | Ages 2–6 Years",
shlokas-and-mantras-for-kids-illustrated-padded-board-book-simple-sanskrit-shlokas-with-english-hindi-translations-first-spiritual-book-to-teach-indian-culture-values-devotional-practices-book-for-toddlers-preschoolers-early-readers-ages-26-years,,,,,,,,,,,,,,,,,https://m.media-amazon.com/images/I/714-kvSml7L._SL1500_.jpg,3,"Shlokas and Mantras for Kids – Illustrated Padded Board Book: Simple Sanskrit Shlokas with English & Hindi Translations | First Spiritual Book to Teach Indian Culture, Values & Devotional Practices | Book for Toddlers, Preschoolers & Early Readers | Ages 2–6 Years",
shlokas-and-mantras-for-kids-illustrated-padded-board-book-simple-sanskrit-shlokas-with-english-hindi-translations-first-spiritual-book-to-teach-indian-culture-values-devotional-practices-book-for-toddlers-preschoolers-early-readers-ages-26-years,,,,,,,,,,,,,,,,,https://m.media-amazon.com/images/I/7151rXlLBcL._SL1500_.jpg,4,"Shlokas and Mantras for Kids – Illustrated Padded Board Book: Simple Sanskrit Shlokas with English & Hindi Translations | First Spiritual Book to Teach Indian Culture, Values & Devotional Practices | Book for Toddlers, Preschoolers & Early Readers | Ages 2–6 Years",
shlokas-and-mantras-for-kids-illustrated-padded-board-book-simple-sanskrit-shlokas-with-english-hindi-translations-first-spiritual-book-to-teach-indian-culture-values-devotional-practices-book-for-toddlers-preschoolers-early-readers-ages-26-years,,,,,,,,,,,,,,,,,https://m.media-amazon.com/images/I/71PAYSVniVL._SL1500_.jpg,5,"Shlokas and Mantras for Kids – Illustrated Padded Board Book: Simple Sanskrit Shlokas with English & Hindi Translations | First Spiritual Book to Teach Indian Culture, Values & Devotional Practices | Book for Toddlers, Preschoolers & Early Readers | Ages 2–6 Years",
shlokas-and-mantras-for-kids-illustrated-padded-board-book-simple-sanskrit-shlokas-with-english-hindi-translations-first-spiritual-book-to-teach-indian-culture-values-devotional-practices-book-for-toddlers-preschoolers-early-readers-ages-26-years,,,,,,,,,,,,,,,,,https://m.media-amazon.com/images/I/71qx6MSh5KL._SL1500_.jpg,6,"Shlokas and Mantras for Kids – Illustrated Padded Board Book: Simple Sanskrit Shlokas with English & Hindi Translations | First Spiritual Book to Teach Indian Culture, Values & Devotional Practices | Book for Toddlers, Preschoolers & Early Readers | Ages 2–6 Years",
shlokas-and-mantras-for-kids-illustrated-padded-board-book-simple-sanskrit-shlokas-with-english-hindi-translations-first-spiritual-book-to-teach-indian-culture-values-devotional-practices-book-for-toddlers-preschoolers-early-readers-ages-26-years,,,,,,,,,,,,,,,,,https://m.media-amazon.com/images/I/71IwG9OhvtL._SL1500_.jpg,7,"Shlokas and Mantras for Kids – Illustrated Padded Board Book: Simple Sanskrit Shlokas with English & Hindi Translations | First Spiritual Book to Teach Indian Culture, Values & Devotional Practices | Book for Toddlers, Preschoolers & Early Readers | Ages 2–6 Years",
shlokas-and-mantras-for-kids-illustrated-padded-board-book-simple-sanskrit-shlokas-with-english-hindi-translations-first-spiritual-book-to-teach-indian-culture-values-devotional-practices-book-for-toddlers-preschoolers-early-readers-ages-26-years,,,,,,,,,,,,,,,,,https://m.media-amazon.com/images/I/81Lvy+UT28L._SL1500_.jpg,8,"Shlokas and Mantras for Kids – Illustrated Padded Board Book: Simple Sanskrit Shlokas with English & Hindi Translations | First Spiritual Book to Teach Indian Culture, Values & Devotional Practices | Book for Toddlers, Preschoolers & Early Readers | Ages 2–6 Years",
when-i-grow-up-i-want-to-an-inspiring-illustrated-book-for-kids-dream-big-with-fun-ideas-like-doctor-astronaut-artist-more-encourages-for-toddlers-preschoolers-ages-26-years,"When I Grow Up, I Want to – An Inspiring Illustrated Book for Kids: Dream Big with Fun Ideas Like Doctor, Astronaut, Artist & More | Encourages ... for Toddlers & Preschoolers | Ages 2–6 Years","<ul>
<li>Enchanting illustrations</li>
<li>Helps in developing early concepts</li>
<li>Ideal for emotional development</li>
</ul>
<p>Sheds light on the values of hard work, perseverance, and following one's dreams.</p>
<ul>
<li>A perfect gift for tiny tots</li>
</ul>",,Books,"children-books, books, 1-3-years, 4-7-years, 8+-years, gender-neutral, stories, interactive-books, creative-books, positive-books, wellbeing-books, girls, boys",TRUE,,,,,deny,manual,179.00,249.00,TRUE,TRUE,https://m.media-amazon.com/images/I/81gTzOifYML._SL1500_.jpg,1,"When I Grow Up, I Want to – An Inspiring Illustrated Book for Kids: Dream Big with Fun Ideas Like Doctor, Astronaut, Artist & More | Encourages ... for Toddlers & Preschoolers | Ages 2–6 Years",active
when-i-grow-up-i-want-to-an-inspiring-illustrated-book-for-kids-dream-big-with-fun-ideas-like-doctor-astronaut-artist-more-encourages-for-toddlers-preschoolers-ages-26-years,,,,,,,,,,,,,,,,,https://m.media-amazon.com/images/I/71paeVcMEoL._SL1500_.jpg,2,"When I Grow Up, I Want to – An Inspiring Illustrated Book for Kids: Dream Big with Fun Ideas Like Doctor, Astronaut, Artist & More | Encourages ... for Toddlers & Preschoolers | Ages 2–6 Years",
when-i-grow-up-i-want-to-an-inspiring-illustrated-book-for-kids-dream-big-with-fun-ideas-like-doctor-astronaut-artist-more-encourages-for-toddlers-preschoolers-ages-26-years,,,,,,,,,,,,,,,,,https://m.media-amazon.com/images/I/812rhs0NvlL._SL1500_.jpg,3,"When I Grow Up, I Want to – An Inspiring Illustrated Book for Kids: Dream Big with Fun Ideas Like Doctor, Astronaut, Artist & More | Encourages ... for Toddlers & Preschoolers | Ages 2–6 Years",
when-i-grow-up-i-want-to-an-inspiring-illustrated-book-for-kids-dream-big-with-fun-ideas-like-doctor-astronaut-artist-more-encourages-for-toddlers-preschoolers-ages-26-years,,,,,,,,,,,,,,,,,https://m.media-amazon.com/images/I/71F6Q0O1PIL._SL1500_.jpg,4,"When I Grow Up, I Want to – An Inspiring Illustrated Book for Kids: Dream Big with Fun Ideas Like Doctor, Astronaut, Artist & More | Encourages ... for Toddlers & Preschoolers | Ages 2–6 Years",
when-i-grow-up-i-want-to-an-inspiring-illustrated-book-for-kids-dream-big-with-fun-ideas-like-doctor-astronaut-artist-more-encourages-for-toddlers-preschoolers-ages-26-years,,,,,,,,,,,,,,,,,https://m.media-amazon.com/images/I/71Gj4BMEGbL._SL1500_.jpg,5,"When I Grow Up, I Want to – An Inspiring Illustrated Book for Kids: Dream Big with Fun Ideas Like Doctor, Astronaut, Artist & More | Encourages ... for Toddlers & Preschoolers | Ages 2–6 Years",
when-i-grow-up-i-want-to-an-inspiring-illustrated-book-for-kids-dream-big-with-fun-ideas-like-doctor-astronaut-artist-more-encourages-for-toddlers-preschoolers-ages-26-years,,,,,,,,,,,,,,,,,https://m.media-amazon.com/images/I/71Ocr7n2SjL._SL1500_.jpg,6,"When I Grow Up, I Want to – An Inspiring Illustrated Book for Kids: Dream Big with Fun Ideas Like Doctor, Astronaut, Artist & More | Encourages ... for Toddlers & Preschoolers | Ages 2–6 Years",
great-stories-for-children-worlds-best-collection-of-19-most-loved-stories-by-award-winning-author-a-must-read-fiction-short-stories-for-kids,"Great Stories for Children: (World's Best Collection of 19+ most-loved stories by award-winning Author, A must-read fiction short stories for kids)",,,Books,"children-books, books, 4-7-years, 8+-years, gender-neutral, stories, interactive-books, creative-books, indian-mythology, story-books, girls, boys",TRUE,,,,,deny,manual,194.00,295.00,TRUE,TRUE,https://m.media-amazon.com/images/I/81BNrA1kNLL._SL1500_.jpg,1,"Great Stories for Children: (World's Best Collection of 19+ most-loved stories by award-winning Author, A must-read fiction short stories for kids)",active
great-stories-for-children-worlds-best-collection-of-19-most-loved-stories-by-award-winning-author-a-must-read-fiction-short-stories-for-kids,,,,,,,,,,,,,,,,,https://m.media-amazon.com/images/I/81vp7FI2CyL._SL1500_.jpg,2,"Great Stories for Children: (World's Best Collection of 19+ most-loved stories by award-winning Author, A must-read fiction short stories for kids)",
great-stories-for-children-worlds-best-collection-of-19-most-loved-stories-by-award-winning-author-a-must-read-fiction-short-stories-for-kids,,,,,,,,,,,,,,,,,https://m.media-amazon.com/images/I/71RauFn7J9L._SL1500_.jpg,3,"Great Stories for Children: (World's Best Collection of 19+ most-loved stories by award-winning Author, A must-read fiction short stories for kids)",
great-stories-for-children-worlds-best-collection-of-19-most-loved-stories-by-award-winning-author-a-must-read-fiction-short-stories-for-kids,,,,,,,,,,,,,,,,,https://m.media-amazon.com/images/I/71Xbzwq72aL._SL1500_.jpg,4,"Great Stories for Children: (World's Best Collection of 19+ most-loved stories by award-winning Author, A must-read fiction short stories for kids)",
great-stories-for-children-worlds-best-collection-of-19-most-loved-stories-by-award-winning-author-a-must-read-fiction-short-stories-for-kids,,,,,,,,,,,,,,,,,https://m.media-amazon.com/images/I/81OW2fvueFL._SL1500_.jpg,5,"Great Stories for Children: (World's Best Collection of 19+ most-loved stories by award-winning Author, A must-read fiction short stories for kids)",
great-stories-for-children-worlds-best-collection-of-19-most-loved-stories-by-award-winning-author-a-must-read-fiction-short-stories-for-kids,,,,,,,,,,,,,,,,,https://m.media-amazon.com/images/I/81xe6YGb6RL._SL1500_.jpg,6,"Great Stories for Children: (World's Best Collection of 19+ most-loved stories by award-winning Author, A must-read fiction short stories for kids)",
its-time-to-say-goodnight-a-sweet-and-gentle-bedtime-book-for-kids-easy-words-and-soft-pictures-to-help-toddlers-feel-calm-and-ready-for-sleep-26-years-i-love-you-picture-book-series,It’s Time to Say Goodnight – A Sweet and Gentle Bedtime Book for Kids: Easy Words and Soft Pictures to Help Toddlers Feel Calm and Ready for Sleep | ... 2–6 Years (I Love you Picture Book Series),,,Books,"children-books, books, 1-3-years, 4-7-years, 8+-years, gender-neutral, stories, interactive-books, creative-books, story-books, girls, boys",TRUE,,,,,deny,manual,199.00,249.00,TRUE,TRUE,https://m.media-amazon.com/images/I/81zuh6AZsrL._SL1500_.jpg,1,It’s Time to Say Goodnight – A Sweet and Gentle Bedtime Book for Kids: Easy Words and Soft Pictures to Help Toddlers Feel Calm and Ready for Sleep | ... 2–6 Years (I Love you Picture Book Series),active
its-time-to-say-goodnight-a-sweet-and-gentle-bedtime-book-for-kids-easy-words-and-soft-pictures-to-help-toddlers-feel-calm-and-ready-for-sleep-26-years-i-love-you-picture-book-series,,,,,,,,,,,,,,,,,https://m.media-amazon.com/images/I/81ewuHnJtCL._SL1500_.jpg,2,It’s Time to Say Goodnight – A Sweet and Gentle Bedtime Book for Kids: Easy Words and Soft Pictures to Help Toddlers Feel Calm and Ready for Sleep | ... 2–6 Years (I Love you Picture Book Series),
its-time-to-say-goodnight-a-sweet-and-gentle-bedtime-book-for-kids-easy-words-and-soft-pictures-to-help-toddlers-feel-calm-and-ready-for-sleep-26-years-i-love-you-picture-book-series,,,,,,,,,,,,,,,,,https://m.media-amazon.com/images/I/81E7kT6lCGL._SL1500_.jpg,3,It’s Time to Say Goodnight – A Sweet and Gentle Bedtime Book for Kids: Easy Words and Soft Pictures to Help Toddlers Feel Calm and Ready for Sleep | ... 2–6 Years (I Love you Picture Book Series),
its-time-to-say-goodnight-a-sweet-and-gentle-bedtime-book-for-kids-easy-words-and-soft-pictures-to-help-toddlers-feel-calm-and-ready-for-sleep-26-years-i-love-you-picture-book-series,,,,,,,,,,,,,,,,,https://m.media-amazon.com/images/I/71P8YmbdvOL._SL1500_.jpg,4,It’s Time to Say Goodnight – A Sweet and Gentle Bedtime Book for Kids: Easy Words and Soft Pictures to Help Toddlers Feel Calm and Ready for Sleep | ... 2–6 Years (I Love you Picture Book Series),
its-time-to-say-goodnight-a-sweet-and-gentle-bedtime-book-for-kids-easy-words-and-soft-pictures-to-help-toddlers-feel-calm-and-ready-for-sleep-26-years-i-love-you-picture-book-series,,,,,,,,,,,,,,,,,https://m.media-amazon.com/images/I/71fBD4QdqGL._SL1500_.jpg,5,It’s Time to Say Goodnight – A Sweet and Gentle Bedtime Book for Kids: Easy Words and Soft Pictures to Help Toddlers Feel Calm and Ready for Sleep | ... 2–6 Years (I Love you Picture Book Series),
its-time-to-say-goodnight-a-sweet-and-gentle-bedtime-book-for-kids-easy-words-and-soft-pictures-to-help-toddlers-feel-calm-and-ready-for-sleep-26-years-i-love-you-picture-book-series,,,,,,,,,,,,,,,,,https://m.media-amazon.com/images/I/81Qp5O5yOqL._SL1500_.jpg,6,It’s Time to Say Goodnight – A Sweet and Gentle Bedtime Book for Kids: Easy Words and Soft Pictures to Help Toddlers Feel Calm and Ready for Sleep | ... 2–6 Years (I Love you Picture Book Series),
greatest-short-stories-for-children,Greatest Short Stories For Children,,,Books,"children-books, books, 1-3-years, 4-7-years, 8+-years, gender-neutral, stories, interactive-books, creative-books, story-books, girls, boys",TRUE,,,,,deny,manual,169.00,299.00,TRUE,TRUE,https://m.media-amazon.com/images/I/71946HWMZYL._SL1000_.jpg,1,Greatest Short Stories For Children,active
the-illustrated-stories-of-akbar-and-birbal-classic-tales-from-india,The Illustrated Stories of Akbar and Birbal: Classic Tales From India,"<ul>
<li>The Illustrated Stories of Akbar and Birbal: Classic Tales From India</li>
</ul>
<p>An enchanting collection of the beloved tales of Emperor Akbar and his witty advisor, Birbal. The tales showcase Birbal's wit, intelligence, and charm as he solves complex problems and navigates the mysteries.</p>
<ul>
<li>Timeless Tales of Wisdom and Wit!</li>
<li>Beautiful and vibrant illustrations</li>
<li>Explores themes of loyalty and friendship</li>
<li>Imparts valuable lessons on wisdom, justice, and cleverness</li>
<li>Suitable for all ages</li>
<li>Introduces glorious heritage of India</li>
</ul>",,Books,"children-books, books, 4-7-years, 8+-years, gender-neutral, stories, interactive-books, creative-books, indian-mythology, story-books, girls, boys",TRUE,,,,,deny,manual,199.00,349.00,TRUE,TRUE,https://m.media-amazon.com/images/I/71IEUDALDML._SL1000_.jpg,1,The Illustrated Stories of Akbar and Birbal: Classic Tales From India,active
we-love-to-cuddle-a-heartwarming-illustrated-board-book-for-kids-celebrate-hugs-snuggles-cozy-moments-with-family-and-friends-perfect-bedtime-for-toddlers-preschoolers-ages-26-years,"We Love to Cuddle – A Heartwarming Illustrated Board Book for Kids: Celebrate Hugs, Snuggles & Cozy Moments with Family and Friends | Perfect Bedtime ... for Toddlers & Preschoolers | Ages 2–6 Years","<ul>
<li>Enchanting illustrations</li>
<li>Helps in developing early concepts</li>
<li>Ideal for emotional development</li>
<li>Teaches the importance of expressing love and care for others</li>
<li>A perfect gift for tiny tots</li>
</ul>",,Books,"children-books, books, 1-3-years, 4-7-years, 8+-years, gender-neutral, stories, interactive-books, creative-books, story-books, girls, boys",TRUE,,,,,deny,manual,169.00,249.00,TRUE,TRUE,https://m.media-amazon.com/images/I/71QdevUiMUL._SL1500_.jpg,1,"We Love to Cuddle – A Heartwarming Illustrated Board Book for Kids: Celebrate Hugs, Snuggles & Cozy Moments with Family and Friends | Perfect Bedtime ... for Toddlers & Preschoolers | Ages 2–6 Years",active
we-love-to-cuddle-a-heartwarming-illustrated-board-book-for-kids-celebrate-hugs-snuggles-cozy-moments-with-family-and-friends-perfect-bedtime-for-toddlers-preschoolers-ages-26-years,,,,,,,,,,,,,,,,,https://m.media-amazon.com/images/I/71d9BqC9FZL._SL1500_.jpg,2,"We Love to Cuddle – A Heartwarming Illustrated Board Book for Kids: Celebrate Hugs, Snuggles & Cozy Moments with Family and Friends | Perfect Bedtime ... for Toddlers & Preschoolers | Ages 2–6 Years",
we-love-to-cuddle-a-heartwarming-illustrated-board-book-for-kids-celebrate-hugs-snuggles-cozy-moments-with-family-and-friends-perfect-bedtime-for-toddlers-preschoolers-ages-26-years,,,,,,,,,,,,,,,,,https://m.media-amazon.com/images/I/716LzNNT4xL._SL1500_.jpg,3,"We Love to Cuddle – A Heartwarming Illustrated Board Book for Kids: Celebrate Hugs, Snuggles & Cozy Moments with Family and Friends | Perfect Bedtime ... for Toddlers & Preschoolers | Ages 2–6 Years",
we-love-to-cuddle-a-heartwarming-illustrated-board-book-for-kids-celebrate-hugs-snuggles-cozy-moments-with-family-and-friends-perfect-bedtime-for-toddlers-preschoolers-ages-26-years,,,,,,,,,,,,,,,,,https://m.media-amazon.com/images/I/71wTux9GMhL._SL1500_.jpg,4,"We Love to Cuddle – A Heartwarming Illustrated Board Book for Kids: Celebrate Hugs, Snuggles & Cozy Moments with Family and Friends | Perfect Bedtime ... for Toddlers & Preschoolers | Ages 2–6 Years",
we-love-to-cuddle-a-heartwarming-illustrated-board-book-for-kids-celebrate-hugs-snuggles-cozy-moments-with-family-and-friends-perfect-bedtime-for-toddlers-preschoolers-ages-26-years,,,,,,,,,,,,,,,,,https://m.media-amazon.com/images/I/81KCsTVllEL._SL1500_.jpg,5,"We Love to Cuddle – A Heartwarming Illustrated Board Book for Kids: Celebrate Hugs, Snuggles & Cozy Moments with Family and Friends | Perfect Bedtime ... for Toddlers & Preschoolers | Ages 2–6 Years",
we-love-to-cuddle-a-heartwarming-illustrated-board-book-for-kids-celebrate-hugs-snuggles-cozy-moments-with-family-and-friends-perfect-bedtime-for-toddlers-preschoolers-ages-26-years,,,,,,,,,,,,,,,,,https://m.media-amazon.com/images/I/71DfrWBfpyL._SL1500_.jpg,6,"We Love to Cuddle – A Heartwarming Illustrated Board Book for Kids: Celebrate Hugs, Snuggles & Cozy Moments with Family and Friends | Perfect Bedtime ... for Toddlers & Preschoolers | Ages 2–6 Years",
i-love-you-daddy-panda-a-sweet-and-uplifting-illustrated-board-book-for-kids-a-heartfelt-story-of-love-care-adventures-between-father-and-baby-for-storytime-bonding-ages-26-years,"I Love You, Daddy Panda – A Sweet and Uplifting Illustrated Board Book for Kids: A Heartfelt Story of Love, Care & Adventures Between Father and Baby ... for Storytime & Bonding | Ages 2–6 Years","<ul>
<li>Celebrates the beauty and togetherness of family bonds</li>
<li>Enchanting illustrations to attract kids</li>
<li>Helps in developing early concepts</li>
<li>Ideal for emotional development</li>
<li>A perfect gift for tiny tots</li>
</ul>",,Books,"children-books, books, 1-3-years, 4-7-years, 8+-years, gender-neutral, stories, interactive-books, creative-books, story-books, girls, boys",TRUE,,,,,deny,manual,159.00,249.00,TRUE,TRUE,https://m.media-amazon.com/images/I/81ip8rmWi4L._SL1500_.jpg,1,"I Love You, Daddy Panda – A Sweet and Uplifting Illustrated Board Book for Kids: A Heartfelt Story of Love, Care & Adventures Between Father and Baby ... for Storytime & Bonding | Ages 2–6 Years",active
i-love-you-daddy-panda-a-sweet-and-uplifting-illustrated-board-book-for-kids-a-heartfelt-story-of-love-care-adventures-between-father-and-baby-for-storytime-bonding-ages-26-years,,,,,,,,,,,,,,,,,https://m.media-amazon.com/images/I/71Yo8rXSIeL._SL1500_.jpg,2,"I Love You, Daddy Panda – A Sweet and Uplifting Illustrated Board Book for Kids: A Heartfelt Story of Love, Care & Adventures Between Father and Baby ... for Storytime & Bonding | Ages 2–6 Years",
i-love-you-daddy-panda-a-sweet-and-uplifting-illustrated-board-book-for-kids-a-heartfelt-story-of-love-care-adventures-between-father-and-baby-for-storytime-bonding-ages-26-years,,,,,,,,,,,,,,,,,https://m.media-amazon.com/images/I/81ckmba2x6L._SL1500_.jpg,3,"I Love You, Daddy Panda – A Sweet and Uplifting Illustrated Board Book for Kids: A Heartfelt Story of Love, Care & Adventures Between Father and Baby ... for Storytime & Bonding | Ages 2–6 Years",
i-love-you-daddy-panda-a-sweet-and-uplifting-illustrated-board-book-for-kids-a-heartfelt-story-of-love-care-adventures-between-father-and-baby-for-storytime-bonding-ages-26-years,,,,,,,,,,,,,,,,,https://m.media-amazon.com/images/I/7183cbFg4-L._SL1500_.jpg,4,"I Love You, Daddy Panda – A Sweet and Uplifting Illustrated Board Book for Kids: A Heartfelt Story of Love, Care & Adventures Between Father and Baby ... for Storytime & Bonding | Ages 2–6 Years",
i-love-you-daddy-panda-a-sweet-and-uplifting-illustrated-board-book-for-kids-a-heartfelt-story-of-love-care-adventures-between-father-and-baby-for-storytime-bonding-ages-26-years,,,,,,,,,,,,,,,,,https://m.media-amazon.com/images/I/81mzX377q-L._SL1500_.jpg,5,"I Love You, Daddy Panda – A Sweet and Uplifting Illustrated Board Book for Kids: A Heartfelt Story of Love, Care & Adventures Between Father and Baby ... for Storytime & Bonding | Ages 2–6 Years",
i-love-you-daddy-panda-a-sweet-and-uplifting-illustrated-board-book-for-kids-a-heartfelt-story-of-love-care-adventures-between-father-and-baby-for-storytime-bonding-ages-26-years,,,,,,,,,,,,,,,,,https://m.media-amazon.com/images/I/81tqHzS9q7L._SL1500_.jpg,6,"I Love You, Daddy Panda – A Sweet and Uplifting Illustrated Board Book for Kids: A Heartfelt Story of Love, Care & Adventures Between Father and Baby ... for Storytime & Bonding | Ages 2–6 Years",
seek-and-find-animals-early-learning-board-books-with-tabs,Seek And Find - Animals : Early Learning Board Books With Tabs,,,Books,"children-books, books, 1-3-years, 4-7-years, 8+-years, gender-neutral, stories, interactive-books, creative-books, seek-and-find-books, girls, boys",TRUE,,,,,deny,manual,299.00,399.00,TRUE,TRUE,https://m.media-amazon.com/images/I/71vosMO7QBL._SL1500_.jpg,1,Seek And Find - Animals : Early Learning Board Books With Tabs,active
seek-and-find-animals-early-learning-board-books-with-tabs,,,,,,,,,,,,,,,,,https://m.media-amazon.com/images/I/71K0qry8llL._SL1500_.jpg,2,Seek And Find - Animals : Early Learning Board Books With Tabs,
seek-and-find-animals-early-learning-board-books-with-tabs,,,,,,,,,,,,,,,,,https://m.media-amazon.com/images/I/71x1PrvAOyL._SL1500_.jpg,3,Seek And Find - Animals : Early Learning Board Books With Tabs,
seek-and-find-animals-early-learning-board-books-with-tabs,,,,,,,,,,,,,,,,,https://m.media-amazon.com/images/I/61+GC6FrKkL._SL1500_.jpg,4,Seek And Find - Animals : Early Learning Board Books With Tabs,
seek-and-find-animals-early-learning-board-books-with-tabs,,,,,,,,,,,,,,,,,https://m.media-amazon.com/images/I/71sAkTqP97L._SL1500_.jpg,5,Seek And Find - Animals : Early Learning Board Books With Tabs,
seek-and-find-animals-early-learning-board-books-with-tabs,,,,,,,,,,,,,,,,,https://m.media-amazon.com/images/I/71ZcBErd8cL._SL1500_.jpg,6,Seek And Find - Animals : Early Learning Board Books With Tabs,
seek-and-find-animals-early-learning-board-books-with-tabs,,,,,,,,,,,,,,,,,https://m.media-amazon.com/images/I/71dLm8nncJL._SL1500_.jpg,7,Seek And Find - Animals : Early Learning Board Books With Tabs,
seek-and-find-animals-early-learning-board-books-with-tabs,,,,,,,,,,,,,,,,,https://m.media-amazon.com/images/I/71AqNmXrOyL._SL1500_.jpg,8,Seek And Find - Animals : Early Learning Board Books With Tabs,
seek-and-find-animals-early-learning-board-books-with-tabs,,,,,,,,,,,,,,,,,https://m.media-amazon.com/images/I/71KoxkfggyL._SL1500_.jpg,9,Seek And Find - Animals : Early Learning Board Books With Tabs,
seek-and-find-animals-early-learning-board-books-with-tabs,,,,,,,,,,,,,,,,,https://m.media-amazon.com/images/I/81YzL9hCq4L._SL1500_.jpg,10,Seek And Find - Animals : Early Learning Board Books With Tabs,
seek-and-find-vehicles-early-learning-board-books-with-tabs,Seek And Find - Vehicles : Early Learning Board Books With Tabs,"<ul>
<li>Different themes and locations to explore!</li>
<li>Seek and Find play encourages focus and exploration</li>
<li>Helps little ones develop searching and matching skills</li>
<li>Packed with bright and engaging illustrated scenes</li>
<li>Perfect for home learning and can be given as gifts for special occasions</li>
</ul>",,Books,"children-books, books, 1-3-years, 4-7-years, 8+-years, gender-neutral, stories, interactive-books, creative-books, seek-and-find-books, girls, boys",TRUE,,,,,deny,manual,279.00,399.00,TRUE,TRUE,https://m.media-amazon.com/images/I/71UbS88e8NL._SL1500_.jpg,1,Seek And Find - Vehicles : Early Learning Board Books With Tabs,active
seek-and-find-vehicles-early-learning-board-books-with-tabs,,,,,,,,,,,,,,,,,https://m.media-amazon.com/images/I/71dv-4+M0PL._SL1500_.jpg,2,Seek And Find - Vehicles : Early Learning Board Books With Tabs,
seek-and-find-vehicles-early-learning-board-books-with-tabs,,,,,,,,,,,,,,,,,https://m.media-amazon.com/images/I/71kA7lK2QzL._SL1500_.jpg,3,Seek And Find - Vehicles : Early Learning Board Books With Tabs,
seek-and-find-vehicles-early-learning-board-books-with-tabs,,,,,,,,,,,,,,,,,https://m.media-amazon.com/images/I/71y51ejH7OL._SL1500_.jpg,4,Seek And Find - Vehicles : Early Learning Board Books With Tabs,
seek-and-find-vehicles-early-learning-board-books-with-tabs,,,,,,,,,,,,,,,,,https://m.media-amazon.com/images/I/81DlR58pDfL._SL1500_.jpg,5,Seek And Find - Vehicles : Early Learning Board Books With Tabs,
seek-and-find-vehicles-early-learning-board-books-with-tabs,,,,,,,,,,,,,,,,,https://m.media-amazon.com/images/I/81e4YQrR7zL._SL1500_.jpg,6,Seek And Find - Vehicles : Early Learning Board Books With Tabs,
seek-and-find-vehicles-early-learning-board-books-with-tabs,,,,,,,,,,,,,,,,,https://m.media-amazon.com/images/I/71WDkSOPDpL._SL1500_.jpg,7,Seek And Find - Vehicles : Early Learning Board Books With Tabs,
seek-and-find-vehicles-early-learning-board-books-with-tabs,,,,,,,,,,,,,,,,,https://m.media-amazon.com/images/I/71ujZ0q5uTL._SL1500_.jpg,8,Seek And Find - Vehicles : Early Learning Board Books With Tabs,
seek-and-find-vehicles-early-learning-board-books-with-tabs,,,,,,,,,,,,,,,,,https://m.media-amazon.com/images/I/716k4WavbGL._SL1500_.jpg,9,Seek And Find - Vehicles : Early Learning Board Books With Tabs,
seek-and-find-vehicles-early-learning-board-books-with-tabs,,,,,,,,,,,,,,,,,https://m.media-amazon.com/images/I/81c3k5XfhZL._SL1500_.jpg,10,Seek And Find - Vehicles : Early Learning Board Books With Tabs,
things-i-cant-see-a-unique-book-for-kids-on-empathy-ages-3-8-by-sam-mi-helps-children-recognise-different-emotions-discover-their-reasons,Things I Can't See: A Unique Book for Kids on Empathy Ages 3-8 by SAM & MI | Helps Children Recognise Different Emotions & Discover Their Reasons,"<p>A unique book on empathy that helps understand why people feel the way they do. Why is the lady happy? Why is the boy sad? Why are the parents worried? Helps children recognize different emotions and discover the reason behind the emotions. It helps them understand that sometimes the reasons may be obvious and at other times they might have to dig deeper to understand the causes.</p>
<p>Empathy is considered to be one of the most important skills to create positive social change. It allows you to understand problems, communicate clearly, and develop meaningful relationships.</p>
<p>Skills Your Child Will Learn From This Story Book:</p>
<p>Why Things I Can't See: Emotions & Feeling Book for Kids is a Must-Have:</p>
<p>Empathy Book for Kids:Help your child explore emotions like happiness, sadness, and worry through this engaging book for 3+ years old children. Enhance empathy and understanding in kids with interactive storytelling.</p>
<ul>
<li>Perfect for Preschoolers:Designed for ages 3-8, this social emotional learning books offers engaging content designed to captivate young minds and foster a love for learning good habits.</li>
</ul>
<p>Nurturing Vocabulary:This illustrated book effortlessly introduce new words to your child, enriching their vocabulary and expanding their early language skills.</p>
<p>Ideal Gifts for Kids:Whether for your own child or as a meaningful gift for a kids birthday party or special occasions, this children's book offers both joy and enrichment.</p>
<p>Bonding Over Books:Create meaningful moments and deepen the bond between parents and children by reading this sam and mi picture book.</p>
<ul>
<li>Understanding Emotions</li>
<li>Developing Empathy</li>
<li>Enhancing Observation Skills</li>
<li>Expanding Vocabulary</li>
<li>Building Stronger Communication Skills</li>
</ul>",,Books,"children-books, books, 1-3-years, 4-7-years, 8+-years, gender-neutral, stories, interactive-books, creative-books, wellbeing-books",TRUE,,,,,deny,manual,211.00,349.00,TRUE,TRUE,https://m.media-amazon.com/images/I/71100Bu76hL._SL1500_.jpg,1,Things I Can't See: A Unique Book for Kids on Empathy Ages 3-8 by SAM & MI | Helps Children Recognise Different Emotions & Discover Their Reasons,active
things-i-cant-see-a-unique-book-for-kids-on-empathy-ages-3-8-by-sam-mi-helps-children-recognise-different-emotions-discover-their-reasons,,,,,,,,,,,,,,,,,https://m.media-amazon.com/images/I/71Mo0UQfZhL._SL1500_.jpg,2,Things I Can't See: A Unique Book for Kids on Empathy Ages 3-8 by SAM & MI | Helps Children Recognise Different Emotions & Discover Their Reasons,
things-i-cant-see-a-unique-book-for-kids-on-empathy-ages-3-8-by-sam-mi-helps-children-recognise-different-emotions-discover-their-reasons,,,,,,,,,,,,,,,,,https://m.media-amazon.com/images/I/61SsarfIN6L._SL1500_.jpg,3,Things I Can't See: A Unique Book for Kids on Empathy Ages 3-8 by SAM & MI | Helps Children Recognise Different Emotions & Discover Their Reasons,
things-i-cant-see-a-unique-book-for-kids-on-empathy-ages-3-8-by-sam-mi-helps-children-recognise-different-emotions-discover-their-reasons,,,,,,,,,,,,,,,,,https://m.media-amazon.com/images/I/71J6b7-ajiL._SL1500_.jpg,4,Things I Can't See: A Unique Book for Kids on Empathy Ages 3-8 by SAM & MI | Helps Children Recognise Different Emotions & Discover Their Reasons,
things-i-cant-see-a-unique-book-for-kids-on-empathy-ages-3-8-by-sam-mi-helps-children-recognise-different-emotions-discover-their-reasons,,,,,,,,,,,,,,,,,https://m.media-amazon.com/images/I/71P2HAY7aQL._SL1500_.jpg,5,Things I Can't See: A Unique Book for Kids on Empathy Ages 3-8 by SAM & MI | Helps Children Recognise Different Emotions & Discover Their Reasons,
things-i-cant-see-a-unique-book-for-kids-on-empathy-ages-3-8-by-sam-mi-helps-children-recognise-different-emotions-discover-their-reasons,,,,,,,,,,,,,,,,,https://m.media-amazon.com/images/I/71iuVnsO5kL._SL1500_.jpg,6,Things I Can't See: A Unique Book for Kids on Empathy Ages 3-8 by SAM & MI | Helps Children Recognise Different Emotions & Discover Their Reasons,
things-i-cant-see-a-unique-book-for-kids-on-empathy-ages-3-8-by-sam-mi-helps-children-recognise-different-emotions-discover-their-reasons,,,,,,,,,,,,,,,,,https://m.media-amazon.com/images/I/71+5sBMZUfL._SL1500_.jpg,7,Things I Can't See: A Unique Book for Kids on Empathy Ages 3-8 by SAM & MI | Helps Children Recognise Different Emotions & Discover Their Reasons,
things-i-cant-see-a-unique-book-for-kids-on-empathy-ages-3-8-by-sam-mi-helps-children-recognise-different-emotions-discover-their-reasons,,,,,,,,,,,,,,,,,https://m.media-amazon.com/images/I/71oJ5Tc+PcL._SL1500_.jpg,8,Things I Can't See: A Unique Book for Kids on Empathy Ages 3-8 by SAM & MI | Helps Children Recognise Different Emotions & Discover Their Reasons,
things-i-cant-see-a-unique-book-for-kids-on-empathy-ages-3-8-by-sam-mi-helps-children-recognise-different-emotions-discover-their-reasons,,,,,,,,,,,,,,,,,https://m.media-amazon.com/images/I/81aib3Xm2SL._SL1500_.jpg,9,Things I Can't See: A Unique Book for Kids on Empathy Ages 3-8 by SAM & MI | Helps Children Recognise Different Emotions & Discover Their Reasons,
nursery-rhymes-board-book-for-kids-my-first-book-series-illustrated-collection-of-classic-rhymes-like-twinkle-twinkle-humpty-dumpty-jack-and-jill-more-early-learning-rhythm-rhyme-book-for-babies-toddlers-preschoolers-ages-26-years,"Nursery Rhymes – Board Book for Kids (My First Book Series): Illustrated Collection of Classic Rhymes Like Twinkle Twinkle, Humpty Dumpty, Jack and Jill & More | Early Learning Rhythm & Rhyme Book for Babies, Toddlers & Preschoolers | Ages 2–6 Years","<ul>
<li>Nursery Rhymes Board Book (My First Book Series): Illustrated Classic Nursery Rhymes</li>
</ul>
<p>A beautifully illustrated collection of traditional nursery rhymes including favorites like Twinkle Twinkle little star, Jack and Jill and Humpty Dumpty This board book is designed to enchant and educate young readers through timeless rhymes that have delighted generations. Padded cover and enchanting illustrations make this a perfect gift for your little one who has just started reading.</p>
<ul>
<li>Sing, Rhyme, and Learn: A Perfect Read for Tiny Tots!</li>
<li>Promotes early language development and phonemic awareness</li>
<li>Sturdy board built to withstand rough handling</li>
<li>Easy-to-read rhymes and verses</li>
<li>Creates a joyful reading routine for young learners</li>
<li>Each rhyme is paired with delightful illustrations</li>
</ul>",,Books,"children-books, books, 1-3-years, 4-7-years, 8+-years, gender-neutral, interactive-books, creative-books, hard-cut, story-books, music-books, audio-books, sound-books, girls, boys, rhymes",TRUE,,,,,deny,manual,199.00,299.00,TRUE,TRUE,https://m.media-amazon.com/images/I/71UirpQj61L._SL1000_.jpg,1,"Nursery Rhymes – Board Book for Kids (My First Book Series): Illustrated Collection of Classic Rhymes Like Twinkle Twinkle, Humpty Dumpty, Jack and Jill & More | Early Learning Rhythm & Rhyme Book for Babies, Toddlers & Preschoolers | Ages 2–6 Years",active
nursery-rhymes-board-book-for-kids-my-first-book-series-illustrated-collection-of-classic-rhymes-like-twinkle-twinkle-humpty-dumpty-jack-and-jill-more-early-learning-rhythm-rhyme-book-for-babies-toddlers-preschoolers-ages-26-years,,,,,,,,,,,,,,,,,https://m.media-amazon.com/images/I/71BA4WLa9ZL._SL1000_.jpg,2,"Nursery Rhymes – Board Book for Kids (My First Book Series): Illustrated Collection of Classic Rhymes Like Twinkle Twinkle, Humpty Dumpty, Jack and Jill & More | Early Learning Rhythm & Rhyme Book for Babies, Toddlers & Preschoolers | Ages 2–6 Years",
nursery-rhymes-board-book-for-kids-my-first-book-series-illustrated-collection-of-classic-rhymes-like-twinkle-twinkle-humpty-dumpty-jack-and-jill-more-early-learning-rhythm-rhyme-book-for-babies-toddlers-preschoolers-ages-26-years,,,,,,,,,,,,,,,,,https://m.media-amazon.com/images/I/716Frmy0GvL._SL1000_.jpg,3,"Nursery Rhymes – Board Book for Kids (My First Book Series): Illustrated Collection of Classic Rhymes Like Twinkle Twinkle, Humpty Dumpty, Jack and Jill & More | Early Learning Rhythm & Rhyme Book for Babies, Toddlers & Preschoolers | Ages 2–6 Years",
nursery-rhymes-board-book-for-kids-my-first-book-series-illustrated-collection-of-classic-rhymes-like-twinkle-twinkle-humpty-dumpty-jack-and-jill-more-early-learning-rhythm-rhyme-book-for-babies-toddlers-preschoolers-ages-26-years,,,,,,,,,,,,,,,,,https://m.media-amazon.com/images/I/61ZnlQhaVuL._SL1000_.jpg,4,"Nursery Rhymes – Board Book for Kids (My First Book Series): Illustrated Collection of Classic Rhymes Like Twinkle Twinkle, Humpty Dumpty, Jack and Jill & More | Early Learning Rhythm & Rhyme Book for Babies, Toddlers & Preschoolers | Ages 2–6 Years",
nursery-rhymes-board-book-for-kids-my-first-book-series-illustrated-collection-of-classic-rhymes-like-twinkle-twinkle-humpty-dumpty-jack-and-jill-more-early-learning-rhythm-rhyme-book-for-babies-toddlers-preschoolers-ages-26-years,,,,,,,,,,,,,,,,,https://m.media-amazon.com/images/I/61PC5HnnsoL._SL1000_.jpg,5,"Nursery Rhymes – Board Book for Kids (My First Book Series): Illustrated Collection of Classic Rhymes Like Twinkle Twinkle, Humpty Dumpty, Jack and Jill & More | Early Learning Rhythm & Rhyme Book for Babies, Toddlers & Preschoolers | Ages 2–6 Years",
nursery-rhymes-board-book-for-kids-my-first-book-series-illustrated-collection-of-classic-rhymes-like-twinkle-twinkle-humpty-dumpty-jack-and-jill-more-early-learning-rhythm-rhyme-book-for-babies-toddlers-preschoolers-ages-26-years,,,,,,,,,,,,,,,,,https://m.media-amazon.com/images/I/61sSHsAgdaL._SL1000_.jpg,6,"Nursery Rhymes – Board Book for Kids (My First Book Series): Illustrated Collection of Classic Rhymes Like Twinkle Twinkle, Humpty Dumpty, Jack and Jill & More | Early Learning Rhythm & Rhyme Book for Babies, Toddlers & Preschoolers | Ages 2–6 Years",
shlokas-and-mantras-for-kids-illustrated-padded-board-book-simple-sanskrit-shlokas-with-english-hindi-translations-first-spiritual-book-to-teach-indian-culture-values-devotional-practices-book-for-toddlers-preschoolers-early-readers-ages-26-years,"Shlokas and Mantras for Kids – Illustrated Padded Board Book: Simple Sanskrit Shlokas with English & Hindi Translations | First Spiritual Book to Teach Indian Culture, Values & Devotional Practices | Book for Toddlers, Preschoolers & Early Readers | Ages 2–6 Years","<ul>
<li>Shlokas and Mantras For Kids</li>
</ul>
<p>‘Shlokas and Mantras for Kids’ is a beautifully crafted board book designed to introduce children to shlokas and mantras from ancient Indian texts. This book offers a gentle and accessible way for the young readers to learn and appreciate the sacred verses and chants.</p>
<ul>
<li>Delightful Shlokas and Mantras for Children!</li>
<li>Includes a selection of simple, child-friendly shlokas and mantras</li>
<li>Instills knowledge of religious hymns</li>
<li>Encourages mindfulness and concentration</li>
<li>Promotes spiritual learning</li>
<li>Introduces important cultural and spiritual concepts</li>
</ul>",,Books,"children-books, books, 1-3-years, 4-7-years, 8+-years, gender-neutral, stories, interactive-books, creative-books, indian-mythology, girls, boys",TRUE,,,,,deny,manual,199.00,349.00,TRUE,TRUE,https://m.media-amazon.com/images/I/81r2q3SMrBL._SL1500_.jpg,1,"Shlokas and Mantras for Kids – Illustrated Padded Board Book: Simple Sanskrit Shlokas with English & Hindi Translations | First Spiritual Book to Teach Indian Culture, Values & Devotional Practices | Book for Toddlers, Preschoolers & Early Readers | Ages 2–6 Years",active
shlokas-and-mantras-for-kids-illustrated-padded-board-book-simple-sanskrit-shlokas-with-english-hindi-translations-first-spiritual-book-to-teach-indian-culture-values-devotional-practices-book-for-toddlers-preschoolers-early-readers-ages-26-years,,,,,,,,,,,,,,,,,https://m.media-amazon.com/images/I/81ViR-IV7dL._SL1500_.jpg,2,"Shlokas and Mantras for Kids – Illustrated Padded Board Book: Simple Sanskrit Shlokas with English & Hindi Translations | First Spiritual Book to Teach Indian Culture, Values & Devotional Practices | Book for Toddlers, Preschoolers & Early Readers | Ages 2–6 Years",
shlokas-and-mantras-for-kids-illustrated-padded-board-book-simple-sanskrit-shlokas-with-english-hindi-translations-first-spiritual-book-to-teach-indian-culture-values-devotional-practices-book-for-toddlers-preschoolers-early-readers-ages-26-years,,,,,,,,,,,,,,,,,https://m.media-amazon.com/images/I/714-kvSml7L._SL1500_.jpg,3,"Shlokas and Mantras for Kids – Illustrated Padded Board Book: Simple Sanskrit Shlokas with English & Hindi Translations | First Spiritual Book to Teach Indian Culture, Values & Devotional Practices | Book for Toddlers, Preschoolers & Early Readers | Ages 2–6 Years",
shlokas-and-mantras-for-kids-illustrated-padded-board-book-simple-sanskrit-shlokas-with-english-hindi-translations-first-spiritual-book-to-teach-indian-culture-values-devotional-practices-book-for-toddlers-preschoolers-early-readers-ages-26-years,,,,,,,,,,,,,,,,,https://m.media-amazon.com/images/I/7151rXlLBcL._SL1500_.jpg,4,"Shlokas and Mantras for Kids – Illustrated Padded Board Book: Simple Sanskrit Shlokas with English & Hindi Translations | First Spiritual Book to Teach Indian Culture, Values & Devotional Practices | Book for Toddlers, Preschoolers & Early Readers | Ages 2–6 Years",
shlokas-and-mantras-for-kids-illustrated-padded-board-book-simple-sanskrit-shlokas-with-english-hindi-translations-first-spiritual-book-to-teach-indian-culture-values-devotional-practices-book-for-toddlers-preschoolers-early-readers-ages-26-years,,,,,,,,,,,,,,,,,https://m.media-amazon.com/images/I/71PAYSVniVL._SL1500_.jpg,5,"Shlokas and Mantras for Kids – Illustrated Padded Board Book: Simple Sanskrit Shlokas with English & Hindi Translations | First Spiritual Book to Teach Indian Culture, Values & Devotional Practices | Book for Toddlers, Preschoolers & Early Readers | Ages 2–6 Years",
shlokas-and-mantras-for-kids-illustrated-padded-board-book-simple-sanskrit-shlokas-with-english-hindi-translations-first-spiritual-book-to-teach-indian-culture-values-devotional-practices-book-for-toddlers-preschoolers-early-readers-ages-26-years,,,,,,,,,,,,,,,,,https://m.media-amazon.com/images/I/71qx6MSh5KL._SL1500_.jpg,6,"Shlokas and Mantras for Kids – Illustrated Padded Board Book: Simple Sanskrit Shlokas with English & Hindi Translations | First Spiritual Book to Teach Indian Culture, Values & Devotional Practices | Book for Toddlers, Preschoolers & Early Readers | Ages 2–6 Years",
shlokas-and-mantras-for-kids-illustrated-padded-board-book-simple-sanskrit-shlokas-with-english-hindi-translations-first-spiritual-book-to-teach-indian-culture-values-devotional-practices-book-for-toddlers-preschoolers-early-readers-ages-26-years,,,,,,,,,,,,,,,,,https://m.media-amazon.com/images/I/71IwG9OhvtL._SL1500_.jpg,7,"Shlokas and Mantras for Kids – Illustrated Padded Board Book: Simple Sanskrit Shlokas with English & Hindi Translations | First Spiritual Book to Teach Indian Culture, Values & Devotional Practices | Book for Toddlers, Preschoolers & Early Readers | Ages 2–6 Years",
shlokas-and-mantras-for-kids-illustrated-padded-board-book-simple-sanskrit-shlokas-with-english-hindi-translations-first-spiritual-book-to-teach-indian-culture-values-devotional-practices-book-for-toddlers-preschoolers-early-readers-ages-26-years,,,,,,,,,,,,,,,,,https://m.media-amazon.com/images/I/81Lvy+UT28L._SL1500_.jpg,8,"Shlokas and Mantras for Kids – Illustrated Padded Board Book: Simple Sanskrit Shlokas with English & Hindi Translations | First Spiritual Book to Teach Indian Culture, Values & Devotional Practices | Book for Toddlers, Preschoolers & Early Readers | Ages 2–6 Years",
101-tales-the-great-panchatantra-collection-collection-of-witty-moral-stories-for-kids-for-personality-development-hardback,101 Tales The Great Panchatantra Collection - Collection of Witty Moral Stories For Kids For Personality Development (Hardback),"<p>101 Tales The Great Panchatantra Collection - Collection of Witty Moral Stories For Kids For Personality Development (Hardback)</p>
<p>This compilation of 101 tales from the Panchatantra aims to guide the young readers about wise conduct, human nature, and the right path for attaining success in life. The stories are written in simple language, which makes them easily understandable and keeps the child glued to the book for hours. Each story in the book gives advice that can be followed by children, as well as adults.</p>
<ul>
<li>Journey Through Classic Tales of Panchatantra!</li>
<li>Imparts valuable life lessons</li>
<li>Entertaining and engaging stories</li>
<li>Develops early reading skills</li>
<li>Features vibrant and detailed illustrations</li>
<li>Provides hours of screen-free entertainment and learning</li>
</ul>",,Books,"children-books, books, 1-3-years, 4-7-years, boys, gender-neutral, interactive-books, creative-books, hard-cover, story-books, panchtantra",TRUE,,,,,deny,manual,349.00,599.00,TRUE,TRUE,https://m.media-amazon.com/images/I/71My1M0AgZL._SL1500_.jpg,1,101 Tales The Great Panchatantra Collection - Collection of Witty Moral Stories For Kids For Personality Development (Hardback),active
101-tales-the-great-panchatantra-collection-collection-of-witty-moral-stories-for-kids-for-personality-development-hardback,,,,,,,,,,,,,,,,,https://m.media-amazon.com/images/I/71Y8jP+AwlL._SL1500_.jpg,2,101 Tales The Great Panchatantra Collection - Collection of Witty Moral Stories For Kids For Personality Development (Hardback),
101-tales-the-great-panchatantra-collection-collection-of-witty-moral-stories-for-kids-for-personality-development-hardback,,,,,,,,,,,,,,,,,https://m.media-amazon.com/images/I/81bo73AmAYL._SL1500_.jpg,3,101 Tales The Great Panchatantra Collection - Collection of Witty Moral Stories For Kids For Personality Development (Hardback),
101-tales-the-great-panchatantra-collection-collection-of-witty-moral-stories-for-kids-for-personality-development-hardback,,,,,,,,,,,,,,,,,https://m.media-amazon.com/images/I/71amZns+qEL._SL1500_.jpg,4,101 Tales The Great Panchatantra Collection - Collection of Witty Moral Stories For Kids For Personality Development (Hardback),
101-tales-the-great-panchatantra-collection-collection-of-witty-moral-stories-for-kids-for-personality-development-hardback,,,,,,,,,,,,,,,,,https://m.media-amazon.com/images/I/71B2JdkmKhL._SL1500_.jpg,5,101 Tales The Great Panchatantra Collection - Collection of Witty Moral Stories For Kids For Personality Development (Hardback),
101-tales-the-great-panchatantra-collection-collection-of-witty-moral-stories-for-kids-for-personality-development-hardback,,,,,,,,,,,,,,,,,https://m.media-amazon.com/images/I/71oA2tf56oL._SL1500_.jpg,6,101 Tales The Great Panchatantra Collection - Collection of Witty Moral Stories For Kids For Personality Development (Hardback),
101-tales-the-great-panchatantra-collection-collection-of-witty-moral-stories-for-kids-for-personality-development-hardback,,,,,,,,,,,,,,,,,https://m.media-amazon.com/images/I/71Jl0BYFqUL._SL1500_.jpg,7,101 Tales The Great Panchatantra Collection - Collection of Witty Moral Stories For Kids For Personality Development (Hardback),
101-tales-the-great-panchatantra-collection-collection-of-witty-moral-stories-for-kids-for-personality-development-hardback,,,,,,,,,,,,,,,,,https://m.media-amazon.com/images/I/81oYTsHtRML._SL1500_.jpg,8,101 Tales The Great Panchatantra Collection - Collection of Witty Moral Stories For Kids For Personality Development (Hardback),
101-tales-the-great-panchatantra-collection-collection-of-witty-moral-stories-for-kids-for-personality-development-hardback,,,,,,,,,,,,,,,,,https://m.media-amazon.com/images/I/71utB7ortvL._SL1500_.jpg,9,101 Tales The Great Panchatantra Collection - Collection of Witty Moral Stories For Kids For Personality Development (Hardback),
101-tales-the-great-panchatantra-collection-collection-of-witty-moral-stories-for-kids-for-personality-development-hardback,,,,,,,,,,,,,,,,,https://m.media-amazon.com/images/I/71MnqW6Z4UL._SL1500_.jpg,10,101 Tales The Great Panchatantra Collection - Collection of Witty Moral Stories For Kids For Personality Development (Hardback),
101-tales-the-great-panchatantra-collection-collection-of-witty-moral-stories-for-kids-for-personality-development-hardback,,,,,,,,,,,,,,,,,https://m.media-amazon.com/images/I/71IDNOy7RdL._SL1500_.jpg,11,101 Tales The Great Panchatantra Collection - Collection of Witty Moral Stories For Kids For Personality Development (Hardback),
101-tales-the-great-panchatantra-collection-collection-of-witty-moral-stories-for-kids-for-personality-development-hardback,,,,,,,,,,,,,,,,,https://m.media-amazon.com/images/I/71RYdkCB54L._SL1500_.jpg,12,101 Tales The Great Panchatantra Collection - Collection of Witty Moral Stories For Kids For Personality Development (Hardback),
101-tales-the-great-panchatantra-collection-collection-of-witty-moral-stories-for-kids-for-personality-development-hardback,,,,,,,,,,,,,,,,,https://m.media-amazon.com/images/I/710T7oEejqL._SL1500_.jpg,13,101 Tales The Great Panchatantra Collection - Collection of Witty Moral Stories For Kids For Personality Development (Hardback),
101-tales-the-great-panchatantra-collection-collection-of-witty-moral-stories-for-kids-for-personality-development-hardback,,,,,,,,,,,,,,,,,https://m.media-amazon.com/images/I/71r1cemgrCL._SL1500_.jpg,14,101 Tales The Great Panchatantra Collection - Collection of Witty Moral Stories For Kids For Personality Development (Hardback),
101-tales-the-great-panchatantra-collection-collection-of-witty-moral-stories-for-kids-for-personality-development-hardback,,,,,,,,,,,,,,,,,https://m.media-amazon.com/images/I/8142I44af9L._SL1500_.jpg,15,101 Tales The Great Panchatantra Collection - Collection of Witty Moral Stories For Kids For Personality Development (Hardback),
101-tales-the-great-panchatantra-collection-collection-of-witty-moral-stories-for-kids-for-personality-development-hardback,,,,,,,,,,,,,,,,,https://m.media-amazon.com/images/I/81MwvBstD1L._SL1500_.jpg,16,101 Tales The Great Panchatantra Collection - Collection of Witty Moral Stories For Kids For Personality Development (Hardback),
moral-tales-from-panchtantra-timeless-stories-for-children-from-ancient-india,Moral Tales From Panchtantra: Timeless Stories For Children From Ancient India,"<ul>
<li>Moral Tales From Panchatantra: Timeless Stories For Children From Ancient India</li>
</ul>
<p>Panchatantra has been a part of Indian folklore for many centuries and continues to enchant young readers even today.The Moral Stories from Panchatantrais a wonderful collection of six tales that aims to guide the young readers about the wise conduct of life, understanding human nature and attaining success in life.</p>
<ul>
<li>Journey Through Classic Tales of Panchatantra!</li>
<li>Imparts valuable life lessons</li>
<li>Entertaining and engaging stories</li>
<li>Develops early reading skills</li>
<li>Features vibrant and detailed illustrations</li>
<li>Provides hours of screen-free entertainment and learning</li>
</ul>",,Books,"children-books, books, 1-3-years, 4-7-years, boys, gender-neutral, interactive-books, creative-books, hard-cover, story-books, panchtantra",TRUE,,,,,deny,manual,189.00,349.00,TRUE,TRUE,https://m.media-amazon.com/images/I/61AiDeUKJrL._SL1200_.jpg,1,Moral Tales From Panchtantra: Timeless Stories For Children From Ancient India,active
moral-tales-from-panchtantra-timeless-stories-for-children-from-ancient-india,,,,,,,,,,,,,,,,,https://m.media-amazon.com/images/I/618ndAUqQcL._SL1200_.jpg,2,Moral Tales From Panchtantra: Timeless Stories For Children From Ancient India,
moral-tales-from-panchtantra-timeless-stories-for-children-from-ancient-india,,,,,,,,,,,,,,,,,https://m.media-amazon.com/images/I/71yp19xF9zL._SL1200_.jpg,3,Moral Tales From Panchtantra: Timeless Stories For Children From Ancient India,
moral-tales-from-panchtantra-timeless-stories-for-children-from-ancient-india,,,,,,,,,,,,,,,,,https://m.media-amazon.com/images/I/61zt3NTxwJL._SL1200_.jpg,4,Moral Tales From Panchtantra: Timeless Stories For Children From Ancient India,
moral-tales-from-panchtantra-timeless-stories-for-children-from-ancient-india,,,,,,,,,,,,,,,,,https://m.media-amazon.com/images/I/618RNU4zGnL._SL1200_.jpg,5,Moral Tales From Panchtantra: Timeless Stories For Children From Ancient India,
moral-tales-from-panchtantra-timeless-stories-for-children-from-ancient-india,,,,,,,,,,,,,,,,,https://m.media-amazon.com/images/I/610BgEsUiwL._SL1200_.jpg,6,Moral Tales From Panchtantra: Timeless Stories For Children From Ancient India,
tera13-stainless-steel-christmas-cutlery-set-with-santa-and-tree-figurines-set-of-4-piece-premium-gold-plated-flatware-table-spoon-fork-set-festive-gift-box-for-christmas-set-of-4-pcs,"TERA13 Stainless Steel Christmas Cutlery Set with Santa and Tree Figurines, Set of 4 Piece Premium Gold Plated Flatware & Table, Spoon & Fork Set, Festive Gift Box for Christmas (Set of 4 Pcs)","<ul>
<li>PACKAGE INCLUDE - Set Of 4 Pcs ( 1 Set )</li>
</ul>
<p>COMPLETE SET - Includes 4 pieces of premium flatware perfect for Christmas table settings and holiday entertaining</p>
<p>PREMIUM DESIGN - Stainless steel Christmas cutlery set featuring festive Santa and Tree figurines, gold-plated finish for elegant holiday dining experience</p>
<p>EASY MAINTENANCE - Dishwasher safe construction, though hand washing is recommended for maintaining the gold-plated finish</p>
<p>GIFT-READY PRESENTATION - Comes in a festive gift box, making it an ideal Christmas present or holiday table enhancement</p>
<p>DURABLE MATERIAL- Crafted from high-quality stainless steel with polished finish, ensuring long-lasting durability and stain resistance</p>
<p>WIDE USE - Stainless steel Christmas spoon set is suitable for lunch, dinner, coffee, tea, dessert, snack, fruit, etc. for home table decoration, party and restaurant use.</p>
<p>Bring festive cheer to your dining table with this exquisite Christmas cutlery set featuring charming Santa and Christmas tree figurines. This premium 4-piece flatware set includes beautifully crafted spoons and forks with a luxurious gold-plated finish on high-quality stainless steel. Perfect for creating magical holiday memories, each piece is designed to delight both children and adults alike. The polished finish adds a touch of elegance, while the sturdy construction ensures durability for years of festive celebrations. The set comes packaged in an attractive gift box, making it an ideal Christmaspoon set for kids spoon & fork set cutlery set lunch set with figures utensil spoon set utensil set for kids spoon and fork set travel spoon fork flatware for kids stainless steel gold cutlery set gold cutlery set flatware cutlery set cutlery set with case cutlery set for gift santa cutlery set christmas cutlery set for gift christmas cutlery set santa claus cutlery christmas cutlery gold spoon set christmas gifts for kids christmas gift best christmas gift kids santa gift set best wishes gifts present. This cutlery set combines functionality with festive design, making every holiday meal special. Whether for family dinners or holiday entertaining, this set adds a magical touch to your Christmas celebrations.</p>
<p>Product descriptionBring festive cheer to your dining table with this exquisite Christmas cutlery set featuring charming Santa and Christmas tree figurines. This premium 4-piece flatware set includes beautifully crafted spoons and forks with a luxurious gold-plated finish on high-quality stainless steel. Perfect for creating magical holiday memories, each piece is designed to delight both children and adults alike. The polished finish adds a touch of elegance, while the sturdy construction ensures durability for years of festive celebrations. The set comes packaged in an attractive gift box, making it an ideal Christmaspoon set for kids spoon & fork set cutlery set lunch set with figures utensil spoon set utensil set for kids spoon and fork set travel spoon fork flatware for kids stainless steel gold cutlery set gold cutlery set flatware cutlery set cutlery set with case cutlery set for gift santa cutlery set christmas cutlery set for gift christmas cutlery set santa claus cutlery christmas cutlery gold spoon set christmas gifts for kids christmas gift best christmas gift kids santa gift set best wishes gifts present. This cutlery set combines functionality with festive design, making every holiday meal special. Whether for family dinners or holiday entertaining, this set adds a magical touch to your Christmas celebrations.</p>
<ul>
<li>2.5 out of 5 stars, 2 ratings</li>
<li>50+ bought in past month</li>
<li>One-time purchase: ₹449.0025% Savings</li>
<li>Inclusive of all taxes</li>
<li>Did you find this product summary feature useful?</li>
</ul>",,Christmas,"cutlery, christmas, festive, gifting, gender-neutral, girls, boys, 4-7-years, 8+-years, 14-and-above, trending-now",TRUE,,,,,deny,manual,449.00,599.00,TRUE,TRUE,https://m.media-amazon.com/images/I/71VBlzMHGKL._SL1500_.jpg,1,"TERA13 Stainless Steel Christmas Cutlery Set with Santa and Tree Figurines, Set of 4 Piece Premium Gold Plated Flatware & Table, Spoon & Fork Set, Festive Gift Box for Christmas (Set of 4 Pcs)",active
tera13-stainless-steel-christmas-cutlery-set-with-santa-and-tree-figurines-set-of-4-piece-premium-gold-plated-flatware-table-spoon-fork-set-festive-gift-box-for-christmas-set-of-4-pcs,,,,,,,,,,,,,,,,,https://m.media-amazon.com/images/I/81blnxpb7mL._SL1500_.jpg,2,"TERA13 Stainless Steel Christmas Cutlery Set with Santa and Tree Figurines, Set of 4 Piece Premium Gold Plated Flatware & Table, Spoon & Fork Set, Festive Gift Box for Christmas (Set of 4 Pcs)",
tera13-stainless-steel-christmas-cutlery-set-with-santa-and-tree-figurines-set-of-4-piece-premium-gold-plated-flatware-table-spoon-fork-set-festive-gift-box-for-christmas-set-of-4-pcs,,,,,,,,,,,,,,,,,https://m.media-amazon.com/images/I/718qu+T0aZL._SL1500_.jpg,3,"TERA13 Stainless Steel Christmas Cutlery Set with Santa and Tree Figurines, Set of 4 Piece Premium Gold Plated Flatware & Table, Spoon & Fork Set, Festive Gift Box for Christmas (Set of 4 Pcs)",
tera13-stainless-steel-christmas-cutlery-set-with-santa-and-tree-figurines-set-of-4-piece-premium-gold-plated-flatware-table-spoon-fork-set-festive-gift-box-for-christmas-set-of-4-pcs,,,,,,,,,,,,,,,,,https://m.media-amazon.com/images/I/71GZvvS14fL._SL1500_.jpg,4,"TERA13 Stainless Steel Christmas Cutlery Set with Santa and Tree Figurines, Set of 4 Piece Premium Gold Plated Flatware & Table, Spoon & Fork Set, Festive Gift Box for Christmas (Set of 4 Pcs)",
tera13-stainless-steel-christmas-cutlery-set-with-santa-and-tree-figurines-set-of-4-piece-premium-gold-plated-flatware-table-spoon-fork-set-festive-gift-box-for-christmas-set-of-4-pcs,,,,,,,,,,,,,,,,,https://m.media-amazon.com/images/I/71drTfIarGL._SL1080_.jpg,5,"TERA13 Stainless Steel Christmas Cutlery Set with Santa and Tree Figurines, Set of 4 Piece Premium Gold Plated Flatware & Table, Spoon & Fork Set, Festive Gift Box for Christmas (Set of 4 Pcs)",
moira-stainless-steel-christmas-cutlery-set-with-santa-and-tree-figurines-gift-box-silver,"Moira Stainless Steel Christmas Cutlery Set with Santa and Tree Figurines, Gift Box (Silver)","<p>Festive Gift Set: This stainless steel cutlery set with a Santa Claus and Christmas tree design makes for a delightful holiday gift.</p>
<p>Durable Stainless Steel: The spoon and fork are crafted from high-quality stainless steel, ensuring long-lasting use.</p>
<p>Vibrant Decorative Handles: The handles feature cheerful Santa Claus and Christmas tree figurines, adding a festive touch to your dining experience.</p>
<p>Convenient Gift Box: The set comes in an attractive red gift box with a transparent window, making it ready for gifting.</p>
<p>Dimensions: The spoon measures approximately 17 cm in length, and the fork measures around 18 cm.</p>
<p>Celebrate the festive season with this delightful Christmas cutlery set, featuring a jolly Santa Claus figurine and a charming Christmas tree. The set includes a golden spoon and fork, meticulously crafted from high-quality stainless steel, ensuring durability and elegance. The vibrant red and green packaging, adorned with delicate snowflake designs, adds a touch of holiday cheer to your table setting. This unique gift set is perfect for creating cherished memories with loved ones during the Christmas festivities. Embrace the spirit of the season and indulge in a delightful dining experience with this enchanting Christmas cutlery set.</p>
<p>Product descriptionCelebrate the festive season with this delightful Christmas cutlery set, featuring a jolly Santa Claus figurine and a charming Christmas tree. The set includes a golden spoon and fork, meticulously crafted from high-quality stainless steel, ensuring durability and elegance. The vibrant red and green packaging, adorned with delicate snowflake designs, adds a touch of holiday cheer to your table setting. This unique gift set is perfect for creating cherished memories with loved ones during the Christmas festivities. Embrace the spirit of the season and indulge in a delightful dining experience with this enchanting Christmas cutlery set.</p>
<ul>
<li>5.0 out of 5 stars, 7 ratings</li>
<li>100+ viewed in past week</li>
<li>No featured offers available</li>
<li>Did you find this product summary feature useful?</li>
</ul>",,Christmas,"cutlery, christmas, festive, gifting, gender-neutral, girls, boys, 4-7-years, 8+-years, 14-and-above, trending-now",TRUE,,,,,deny,manual,449.00,179.50,TRUE,TRUE,https://m.media-amazon.com/images/I/61S8Vk-YjvL._SL1171_.jpg,1,"Moira Stainless Steel Christmas Cutlery Set with Santa and Tree Figurines, Gift Box (Silver)",active
moira-stainless-steel-christmas-cutlery-set-with-santa-and-tree-figurines-gift-box-silver,,,,,,,,,,,,,,,,,https://m.media-amazon.com/images/I/61BJhlfLGAL._SL1024_.jpg,2,"Moira Stainless Steel Christmas Cutlery Set with Santa and Tree Figurines, Gift Box (Silver)",
moira-stainless-steel-christmas-cutlery-set-with-santa-and-tree-figurines-gift-box-silver,,,,,,,,,,,,,,,,,https://m.media-amazon.com/images/I/61EOXnpUQXL._SL1024_.jpg,3,"Moira Stainless Steel Christmas Cutlery Set with Santa and Tree Figurines, Gift Box (Silver)",
moira-stainless-steel-christmas-cutlery-set-with-santa-and-tree-figurines-gift-box-silver,,,,,,,,,,,,,,,,,https://m.media-amazon.com/images/I/61nsnTdE1PL._SL1024_.jpg,4,"Moira Stainless Steel Christmas Cutlery Set with Santa and Tree Figurines, Gift Box (Silver)",
moira-stainless-steel-christmas-cutlery-set-with-santa-and-tree-figurines-gift-box-silver,,,,,,,,,,,,,,,,,https://m.media-amazon.com/images/I/61KwyNtsfbL._SL1171_.jpg,5,"Moira Stainless Steel Christmas Cutlery Set with Santa and Tree Figurines, Gift Box (Silver)",
moira-stainless-steel-christmas-cutlery-set-with-santa-and-tree-figurines-gift-box-silver,,,,,,,,,,,,,,,,,https://m.media-amazon.com/images/I/61SOfSWmIjL._SL1024_.jpg,6,"Moira Stainless Steel Christmas Cutlery Set with Santa and Tree Figurines, Gift Box (Silver)",
barbie-signature-doll-65th-anniversary-collectible-with-blonde-hair-black-and-white-gown-sapphire-gem-earrings-and-sunglasses,"Barbie Signature Doll, 65th Anniversary Collectible with Blonde Hair, Black and White Gown, Sapphire Gem Earrings and Sunglasses","<p>​Barbie celebrates her 65th anniversary with a beautiful collectible doll that reimagines classic elements of the original Barbie doll through a lens of modern elegance.</p>
<p>She wears a black and white gown inspired by the swimsuit that the original Barbie doll wore. A fitted sweetheart bodice blooms into a voluminous striped skirt.</p>
<p>Her waterfall ponytail, cat-eye sunnies, blue eyeshadow and red lips pay homage to the first Barbie! Long black gloves add an extra touch of elegance to her stunning look.</p>
<p>Sapphire symbolizes 65th anniversaries, so Barbie doll wears sparkling sapphire ""gem"" earrings to pay tribute to this remarkable milestone.</p>
<p>Browse the entire Barbie Signature collection for more unforgettable gift ideas. Each sold separately, subject to availability.</p>
<p>This glamorous Barbie doll marks the 65th anniversary of Barbie in stunning fashion. A celebration of the icon's heritage, her commemorative look is imbued with gorgeous head-to-toe details that nod to the original Barbie doll. A vision in black and white with pops of sapphire color, she is a must-have for collectors, Barbie lovers, and fashion aficionados the world over. Includes doll stand and Certificate of Authenticity. Barbie® doll cannot stand alone. Colors and decorations may vary.</p>
<p>Product descriptionThis glamorous Barbie doll marks the 65th anniversary of Barbie in stunning fashion. A celebration of the icon's heritage, her commemorative look is imbued with gorgeous head-to-toe details that nod to the original Barbie doll. A vision in black and white with pops of sapphire color, she is a must-have for collectors, Barbie lovers, and fashion aficionados the world over. Includes doll stand and Certificate of Authenticity. Barbie® doll cannot stand alone. Colors and decorations may vary.</p>",,Dolls,"toys, dolls, barbie, 4-7-years, 8+-years, pretend-and-play, indian-doll, trending-now, trending-products, trending-now",TRUE,,,,,deny,manual,4499.00,4.00,TRUE,TRUE,https://m.media-amazon.com/images/I/81R7F0i90-L._SL1500_.jpg,1,"Barbie Signature Doll, 65th Anniversary Collectible with Blonde Hair, Black and White Gown, Sapphire Gem Earrings and Sunglasses",active
barbie-signature-doll-65th-anniversary-collectible-with-blonde-hair-black-and-white-gown-sapphire-gem-earrings-and-sunglasses,,,,,,,,,,,,,,,,,https://m.media-amazon.com/images/I/813biJuOTLL._SL1500_.jpg,2,"Barbie Signature Doll, 65th Anniversary Collectible with Blonde Hair, Black and White Gown, Sapphire Gem Earrings and Sunglasses",
barbie-signature-doll-65th-anniversary-collectible-with-blonde-hair-black-and-white-gown-sapphire-gem-earrings-and-sunglasses,,,,,,,,,,,,,,,,,https://m.media-amazon.com/images/I/81Zm2p+4u3L._SL1500_.jpg,3,"Barbie Signature Doll, 65th Anniversary Collectible with Blonde Hair, Black and White Gown, Sapphire Gem Earrings and Sunglasses",
barbie-signature-doll-65th-anniversary-collectible-with-blonde-hair-black-and-white-gown-sapphire-gem-earrings-and-sunglasses,,,,,,,,,,,,,,,,,https://m.media-amazon.com/images/I/81sGA8hejTL._SL1500_.jpg,4,"Barbie Signature Doll, 65th Anniversary Collectible with Blonde Hair, Black and White Gown, Sapphire Gem Earrings and Sunglasses",
barbie-signature-doll-65th-anniversary-collectible-with-blonde-hair-black-and-white-gown-sapphire-gem-earrings-and-sunglasses,,,,,,,,,,,,,,,,,https://m.media-amazon.com/images/I/81aQGz6KviL._SL1500_.jpg,5,"Barbie Signature Doll, 65th Anniversary Collectible with Blonde Hair, Black and White Gown, Sapphire Gem Earrings and Sunglasses",
barbie-signature-doll-65th-anniversary-collectible-with-blonde-hair-black-and-white-gown-sapphire-gem-earrings-and-sunglasses,,,,,,,,,,,,,,,,,https://m.media-amazon.com/images/I/81p+IgNwWZL._SL1500_.jpg,6,"Barbie Signature Doll, 65th Anniversary Collectible with Blonde Hair, Black and White Gown, Sapphire Gem Earrings and Sunglasses",
barbie-signature-doll-65th-anniversary-collectible-with-blonde-hair-black-and-white-gown-sapphire-gem-earrings-and-sunglasses,,,,,,,,,,,,,,,,,https://m.media-amazon.com/images/I/71JxzueduHL._SL1500_.jpg,7,"Barbie Signature Doll, 65th Anniversary Collectible with Blonde Hair, Black and White Gown, Sapphire Gem Earrings and Sunglasses",
barbie-signature-doll-65th-anniversary-collectible-with-blonde-hair-black-and-white-gown-sapphire-gem-earrings-and-sunglasses,,,,,,,,,,,,,,,,,https://m.media-amazon.com/images/I/71+xCeBEPTL._SL1400_.jpg,8,"Barbie Signature Doll, 65th Anniversary Collectible with Blonde Hair, Black and White Gown, Sapphire Gem Earrings and Sunglasses",
masha-and-the-bear-house-bear-masha-packable-109301632-masha-and-the-bear-bears-home-playset,Masha and The Bear House Bear MASHA Packable 109301632 Masha and The Bear - Bear's Home Playset,"<ul>
<li>Official Masha and The Bear Toys</li>
<li>Contains: 1 Two Story House, 1 Masha figure, 1 Bear figure, 1 set of additional accessories</li>
<li>All the accessories can be kept inside this fun scene after play time</li>
<li>Create Adventures – This play set is perfect for children to act out thier favourite scenes</li>
<li>Masha and the Bear – A must have for fans of the popular TV show</li>
</ul>",,Toys and Games,"toys, 4-7-years, girls, pretend-and-play, dolls, masha-and-the-bear, simba",TRUE,,,,,deny,manual,2190.00,2.00,TRUE,TRUE,https://m.media-amazon.com/images/I/816++U52KmL._SL1500_.jpg,1,Masha and The Bear House Bear MASHA Packable 109301632 Masha and The Bear - Bear's Home Playset,active
masha-and-the-bear-house-bear-masha-packable-109301632-masha-and-the-bear-bears-home-playset,,,,,,,,,,,,,,,,,https://m.media-amazon.com/images/I/61XNOqF3jsL._SL1000_.jpg,2,Masha and The Bear House Bear MASHA Packable 109301632 Masha and The Bear - Bear's Home Playset,
edu-beats-learning-drum-for-kids-educational-musical-toy-ages-12-months-multi-color,"Edu Beats Learning Drum for Kids, Educational Musical Toy, Ages 12+ Months, Multi-Color","<p>EDUCATIONAL VALUE: Features four engaging modes to help children learn alphabets, numbers, and musical instruments through interactive play and rhythm</p>
<p>MULTI-SENSORY LEARNING: Combines tactile stimulation, visual engagement, and musical elements to enhance early childhood development</p>
<p>AGE APPROPRIATE: Specially designed for children aged 12 months and above with safe, child-friendly construction and colourful design</p>
<p>INTERACTIVE FEATURES: Includes story mode, rhythm learning, and musical play options to keep children engaged while learning</p>
<p>DESIGN: Vibrant multi-coloured drum construction with easy-to-use interface, perfect for developing fine motor skills and hand-eye coordination</p>
<p>Introducing the Edu Beats Learning Drum - a colourful musical companion designed for little ones aged 12 months and above. This engaging educational toy combines learning and entertainment through multiple interactive modes. The vibrant multi-coloured drum features different learning sections that help toddlers explore alphabets, numbers, and musical instruments while developing their sensory skills. With its innovative design, children can create their own music through tapping and drumming, making learning a joyful experience. The drum offers four engaging modes including rhymes, stories, and music, perfect for early childhood development. Its tactile stimulation features enhance fine motor skills while the musical elements help develop rhythm and coordination. The sturdy construction and child-safe design make it an ideal choice for curious toddlers starting their learning journey. This versatile learning drum serves as both an educational tool and a musical instrument, providing hours of developmental play.</p>
<p>Product descriptionIntroducing the Edu Beats Learning Drum - a colourful musical companion designed for little ones aged 12 months and above. This engaging educational toy combines learning and entertainment through multiple interactive modes. The vibrant multi-coloured drum features different learning sections that help toddlers explore alphabets, numbers, and musical instruments while developing their sensory skills. With its innovative design, children can create their own music through tapping and drumming, making learning a joyful experience. The drum offers four engaging modes including rhymes, stories, and music, perfect for early childhood development. Its tactile stimulation features enhance fine motor skills while the musical elements help develop rhythm and coordination. The sturdy construction and child-safe design make it an ideal choice for curious toddlers starting their learning journey. This versatile learning drum serves as both an educational tool and a musical instrument, providing hours of developmental play.</p>",,Toys and Games,"1-3-years, 4-7-years, musical-toys, learning-toys, learning, educational, music, phymes, light-and-sound, gender-neutral, baby-products, baby-toys",TRUE,,,,,deny,manual,1799.00,2.00,TRUE,TRUE,https://m.media-amazon.com/images/I/51PC1fXRMSL._SL1067_.jpg,1,"Edu Beats Learning Drum for Kids, Educational Musical Toy, Ages 12+ Months, Multi-Color",active
dancing-jellyfish-toy-light-up-musical-octopus-with-360-rotating-tentacles-interactive-educational-kids-toy-dancing-jelly-fish-random-colour,"Dancing Jellyfish Toy, Light-up Musical Octopus with 360° Rotating Tentacles, Interactive Educational Kids Toy Dancing Jelly Fish - Random Colour","<p>INTERACTIVE DESIGN: Features a charming jellyfish character with glasses that dances and moves its tentacles in 360-degree rotation while playing music</p>
<p>SMART MOVEMENT: Auto-avoid crawling functionality allows the jellyfish to navigate and explore surfaces intelligently</p>
<p>ENGAGING FEATURES: Equipped with colourful LED lights and musical capabilities that create an enchanting atmosphere during play</p>
<p>EDUCATIONAL VALUE: Promotes sensory development and creativity through interactive movement, lights, and musical elements</p>
<p>STRESS RELIEF TOY: Perfect for both children and adults as an entertaining desk companion that combines movement, lights, and music</p>",,Toys and Games,"1-3-years, 4-7-years, musical-toys, learning-toys, music, phymes, light-and-sound, gender-neutral, baby-products, baby-toys, gender-neutral",TRUE,,,,,deny,manual,894.00,1.00,TRUE,TRUE,https://m.media-amazon.com/images/I/71612BbPFsL._SL1500_.jpg,1,"Dancing Jellyfish Toy, Light-up Musical Octopus with 360° Rotating Tentacles, Interactive Educational Kids Toy Dancing Jelly Fish - Random Colour",active
dancing-jellyfish-toy-light-up-musical-octopus-with-360-rotating-tentacles-interactive-educational-kids-toy-dancing-jelly-fish-random-colour,,,,,,,,,,,,,,,,,https://m.media-amazon.com/images/I/71hvu+xpZBL._SL1500_.jpg,2,"Dancing Jellyfish Toy, Light-up Musical Octopus with 360° Rotating Tentacles, Interactive Educational Kids Toy Dancing Jelly Fish - Random Colour",
dancing-jellyfish-toy-light-up-musical-octopus-with-360-rotating-tentacles-interactive-educational-kids-toy-dancing-jelly-fish-random-colour,,,,,,,,,,,,,,,,,https://m.media-amazon.com/images/I/714q-OWAsEL._SL1500_.jpg,3,"Dancing Jellyfish Toy, Light-up Musical Octopus with 360° Rotating Tentacles, Interactive Educational Kids Toy Dancing Jelly Fish - Random Colour",
dancing-jellyfish-toy-light-up-musical-octopus-with-360-rotating-tentacles-interactive-educational-kids-toy-dancing-jelly-fish-random-colour,,,,,,,,,,,,,,,,,https://m.media-amazon.com/images/I/81+uNAMAPwL._SL1500_.jpg,4,"Dancing Jellyfish Toy, Light-up Musical Octopus with 360° Rotating Tentacles, Interactive Educational Kids Toy Dancing Jelly Fish - Random Colour",
dancing-jellyfish-toy-light-up-musical-octopus-with-360-rotating-tentacles-interactive-educational-kids-toy-dancing-jelly-fish-random-colour,,,,,,,,,,,,,,,,,https://m.media-amazon.com/images/I/81A31pykFmL._SL1500_.jpg,5,"Dancing Jellyfish Toy, Light-up Musical Octopus with 360° Rotating Tentacles, Interactive Educational Kids Toy Dancing Jelly Fish - Random Colour",
dancing-jellyfish-toy-light-up-musical-octopus-with-360-rotating-tentacles-interactive-educational-kids-toy-dancing-jelly-fish-random-colour,,,,,,,,,,,,,,,,,https://m.media-amazon.com/images/I/71WyciQjTZL._SL1500_.jpg,6,"Dancing Jellyfish Toy, Light-up Musical Octopus with 360° Rotating Tentacles, Interactive Educational Kids Toy Dancing Jelly Fish - Random Colour",
hopop-mosquito-repellent-patches-mozzbito-100-natural-baby-mosquito-patches-upto-12-hour-protection-mosquito-sticker-suitable-for-kids-adults-deet-free-pack-of-24-transport,Hopop Mosquito Repellent Patches | MoZzbito 100% Natural Baby Mosquito Patches | Upto 12 Hour Protection Mosquito Sticker | Suitable for Kids & Adults | Deet Free | Pack of 24 | Transport,"<p>100% NATURAL PLANT BASED PROTECTION : MoZzbito Repellent Patches are 100% Natural Mosquito Repellent Patches are infused with mosquito repelling 100% Natural Citronella, Eucalyptus, Lavender & Peppermint Oil. They can be pasted anywhere on clothes, prams, cots, schoolbags etc.</p>
<p>LONG-LASTING PROTECTION: Enjoy upto 12 hours of continuous protection from disease-carrying mosquitoes, making them ideal for outdoor adventures, sports, camping, school, and park outings.</p>
<p>FAMILY SAFE : MoZzbito Repellent Patches provides all natural defense against Dengue, Malaria and Chikungunya. They are safe for the entire family including babies and toddlers as they are non toxic without any pesticides & DEET free with no side effects like eyes irritation or skin damage.</p>
<p>HOW TO USE : Each pack includes total 24 patches. Tear off a patch and apply it on bedside, prams, school bags, or clothes—store unused Mosquito Patches inside sealed pouches. Avoid direct application on the skin.</p>
<ul>
<li>4.2 out of 5 stars, 26 ratings</li>
<li>One-time purchase: ₹255.00( ₹255.00 / count)          15% Savings</li>
<li>Inclusive of all taxes</li>
</ul>
<p>Do not place patch directy onto skin. Wash hands throughly after use. In case of accidental ingestion,consult a physician immediately . Avoid contact withg mouth,eyes and skin.</p>
<ul>
<li>Citronella, Eucalyptus, Lavender & Peppermint Oil</li>
</ul>
<p>Peel off the protective film. Stick the adhesive side to your clothes or a location close to your body such as stockings,shoulder areas,on trousers, skirts or at the edge of table or beds.</p>
<ul>
<li>Did you find this product summary feature useful?</li>
</ul>",,Baby Products,"baby-products, hopop, mosquito-repellent-patches, 1-3-years, newborn, gender-neutral, 4-7-years, natural",TRUE,,,,,deny,manual,255.00,255.00,TRUE,TRUE,https://m.media-amazon.com/images/I/71+IzNMv4FL._SL1500_.jpg,1,Hopop Mosquito Repellent Patches | MoZzbito 100% Natural Baby Mosquito Patches | Upto 12 Hour Protection Mosquito Sticker | Suitable for Kids & Adults | Deet Free | Pack of 24 | Transport,active
hopop-mosquito-repellent-patches-mozzbito-100-natural-baby-mosquito-patches-upto-12-hour-protection-mosquito-sticker-suitable-for-kids-adults-deet-free-pack-of-24-transport,,,,,,,,,,,,,,,,,https://m.media-amazon.com/images/I/71pFlWe7etL._SL1500_.jpg,2,Hopop Mosquito Repellent Patches | MoZzbito 100% Natural Baby Mosquito Patches | Upto 12 Hour Protection Mosquito Sticker | Suitable for Kids & Adults | Deet Free | Pack of 24 | Transport,
hopop-mosquito-repellent-patches-mozzbito-100-natural-baby-mosquito-patches-upto-12-hour-protection-mosquito-sticker-suitable-for-kids-adults-deet-free-pack-of-24-transport,,,,,,,,,,,,,,,,,https://m.media-amazon.com/images/I/719XZbbN7HL._SL1500_.jpg,3,Hopop Mosquito Repellent Patches | MoZzbito 100% Natural Baby Mosquito Patches | Upto 12 Hour Protection Mosquito Sticker | Suitable for Kids & Adults | Deet Free | Pack of 24 | Transport,
hopop-mosquito-repellent-patches-mozzbito-100-natural-baby-mosquito-patches-upto-12-hour-protection-mosquito-sticker-suitable-for-kids-adults-deet-free-pack-of-24-transport,,,,,,,,,,,,,,,,,https://m.media-amazon.com/images/I/71RvYbVsFWL._SL1500_.jpg,4,Hopop Mosquito Repellent Patches | MoZzbito 100% Natural Baby Mosquito Patches | Upto 12 Hour Protection Mosquito Sticker | Suitable for Kids & Adults | Deet Free | Pack of 24 | Transport,
hopop-mosquito-repellent-patches-mozzbito-100-natural-baby-mosquito-patches-upto-12-hour-protection-mosquito-sticker-suitable-for-kids-adults-deet-free-pack-of-24-transport,,,,,,,,,,,,,,,,,https://m.media-amazon.com/images/I/71T-4eQBZFL._SL1500_.jpg,5,Hopop Mosquito Repellent Patches | MoZzbito 100% Natural Baby Mosquito Patches | Upto 12 Hour Protection Mosquito Sticker | Suitable for Kids & Adults | Deet Free | Pack of 24 | Transport,
hopop-mosquito-repellent-patches-mozzbito-100-natural-baby-mosquito-patches-upto-12-hour-protection-mosquito-sticker-suitable-for-kids-adults-deet-free-pack-of-24-transport,,,,,,,,,,,,,,,,,https://m.media-amazon.com/images/I/71IcTny400L._SL1500_.jpg,6,Hopop Mosquito Repellent Patches | MoZzbito 100% Natural Baby Mosquito Patches | Upto 12 Hour Protection Mosquito Sticker | Suitable for Kids & Adults | Deet Free | Pack of 24 | Transport,
hopop-mosquito-repellent-patches-mozzbito-100-natural-baby-mosquito-patches-upto-12-hour-protection-mosquito-sticker-suitable-for-kids-adults-deet-free-pack-of-24-transport,,,,,,,,,,,,,,,,,https://m.media-amazon.com/images/I/71b6KpjM1KL._SL1500_.jpg,7,Hopop Mosquito Repellent Patches | MoZzbito 100% Natural Baby Mosquito Patches | Upto 12 Hour Protection Mosquito Sticker | Suitable for Kids & Adults | Deet Free | Pack of 24 | Transport,
hopop-mosquito-repellent-patches-mozzbito-100-natural-baby-mosquito-patches-upto-12-hour-protection-mosquito-sticker-suitable-for-kids-adults-deet-free-pack-of-24-transport,,,,,,,,,,,,,,,,,https://m.media-amazon.com/images/I/71hgEdtb5JL._SL1500_.jpg,8,Hopop Mosquito Repellent Patches | MoZzbito 100% Natural Baby Mosquito Patches | Upto 12 Hour Protection Mosquito Sticker | Suitable for Kids & Adults | Deet Free | Pack of 24 | Transport,
hopop-mosquito-repellent-patches-mozzbito-100-natural-baby-mosquito-patches-upto-12-hour-protection-mosquito-sticker-suitable-for-kids-adults-deet-free-pack-of-24-transport,,,,,,,,,,,,,,,,,https://m.media-amazon.com/images/I/719cqUPElYL._SL1500_.jpg,9,Hopop Mosquito Repellent Patches | MoZzbito 100% Natural Baby Mosquito Patches | Upto 12 Hour Protection Mosquito Sticker | Suitable for Kids & Adults | Deet Free | Pack of 24 | Transport,
hopop-mosquito-repellent-patches-mozzbito-100-natural-baby-mosquito-patches-upto-12-hour-protection-mosquito-sticker-suitable-for-kids-adults-deet-free-pack-of-24-transport,,,,,,,,,,,,,,,,,https://m.media-amazon.com/images/I/71AWRBHUESL._SL1500_.jpg,10,Hopop Mosquito Repellent Patches | MoZzbito 100% Natural Baby Mosquito Patches | Upto 12 Hour Protection Mosquito Sticker | Suitable for Kids & Adults | Deet Free | Pack of 24 | Transport,
hopop-mosquito-repellent-patches-mozzbito-100-natural-baby-mosquito-patches-upto-12-hour-protection-mosquito-sticker-suitable-for-kids-adults-deet-free-pack-of-24-transport,,,,,,,,,,,,,,,,,https://m.media-amazon.com/images/I/713ELoa7BZL._SL1500_.jpg,11,Hopop Mosquito Repellent Patches | MoZzbito 100% Natural Baby Mosquito Patches | Upto 12 Hour Protection Mosquito Sticker | Suitable for Kids & Adults | Deet Free | Pack of 24 | Transport,
hopop-mosquito-repellent-patches-mozzbito-100-natural-baby-mosquito-patches-upto-12-hour-protection-mosquito-sticker-suitable-for-kids-adults-deet-free-pack-of-24-transport,,,,,,,,,,,,,,,,,https://m.media-amazon.com/images/I/71Yp3YPuf1L._SL1500_.jpg,12,Hopop Mosquito Repellent Patches | MoZzbito 100% Natural Baby Mosquito Patches | Upto 12 Hour Protection Mosquito Sticker | Suitable for Kids & Adults | Deet Free | Pack of 24 | Transport,
hopop-mosquito-repellent-patches-mozzbito-100-natural-baby-mosquito-patches-upto-12-hour-protection-mosquito-sticker-suitable-for-kids-adults-deet-free-pack-of-24-transport,,,,,,,,,,,,,,,,,https://m.media-amazon.com/images/I/71AtUyzsBzL._SL1500_.jpg,13,Hopop Mosquito Repellent Patches | MoZzbito 100% Natural Baby Mosquito Patches | Upto 12 Hour Protection Mosquito Sticker | Suitable for Kids & Adults | Deet Free | Pack of 24 | Transport,
hopop-mosquito-repellent-patches-mozzbito-100-natural-baby-mosquito-patches-upto-12-hour-protection-mosquito-sticker-suitable-for-kids-adults-deet-free-pack-of-24-transport,,,,,,,,,,,,,,,,,https://m.media-amazon.com/images/I/71K7yJz2GIL._SL1500_.jpg,14,Hopop Mosquito Repellent Patches | MoZzbito 100% Natural Baby Mosquito Patches | Upto 12 Hour Protection Mosquito Sticker | Suitable for Kids & Adults | Deet Free | Pack of 24 | Transport,
hopop-mosquito-repellent-patches-mozzbito-100-natural-baby-mosquito-patches-upto-12-hour-protection-mosquito-sticker-suitable-for-kids-adults-deet-free-pack-of-24-transport,,,,,,,,,,,,,,,,,https://m.media-amazon.com/images/I/71jGOYsvgYL._SL1500_.jpg,15,Hopop Mosquito Repellent Patches | MoZzbito 100% Natural Baby Mosquito Patches | Upto 12 Hour Protection Mosquito Sticker | Suitable for Kids & Adults | Deet Free | Pack of 24 | Transport,
hopop-mosquito-repellent-patches-mozzbito-100-natural-baby-mosquito-patches-upto-12-hour-protection-mosquito-sticker-suitable-for-kids-adults-deet-free-pack-of-24-transport,,,,,,,,,,,,,,,,,https://m.media-amazon.com/images/I/718PRyMSbEL._SL1500_.jpg,16,Hopop Mosquito Repellent Patches | MoZzbito 100% Natural Baby Mosquito Patches | Upto 12 Hour Protection Mosquito Sticker | Suitable for Kids & Adults | Deet Free | Pack of 24 | Transport,
hopop-mosquito-repellent-patches-mozzbito-100-natural-baby-mosquito-patches-upto-12-hour-protection-mosquito-sticker-suitable-for-kids-adults-deet-free-pack-of-24-transport,,,,,,,,,,,,,,,,,https://m.media-amazon.com/images/I/71wUrIz3xQL._SL1500_.jpg,17,Hopop Mosquito Repellent Patches | MoZzbito 100% Natural Baby Mosquito Patches | Upto 12 Hour Protection Mosquito Sticker | Suitable for Kids & Adults | Deet Free | Pack of 24 | Transport,
hopop-mosquito-repellent-patches-mozzbito-100-natural-baby-mosquito-patches-upto-12-hour-protection-mosquito-sticker-suitable-for-kids-adults-deet-free-pack-of-24-transport,,,,,,,,,,,,,,,,,https://m.media-amazon.com/images/I/7192dWx4C1L._SL1500_.jpg,18,Hopop Mosquito Repellent Patches | MoZzbito 100% Natural Baby Mosquito Patches | Upto 12 Hour Protection Mosquito Sticker | Suitable for Kids & Adults | Deet Free | Pack of 24 | Transport,
hopop-baby-bed-rail-guard-for-baby-safety-bed-railing-for-safety-foldable-single-bed-side-protector-for-falling-adjustable-height-bed-rails-183cm-x-69-cm-blue,Hopop Baby Bed Rail Guard for Baby Safety | Bed Railing for Safety | Foldable Single Bed Side Protector for Falling | Adjustable Height | Bed Rails |183cm x 69 cm | Blue,"<p>ENHANCED SAFETY:Baby Bed Rail Protector ensures your baby's safety by preventing them from climbing over or falling off the bed, providing parents with peace of mind during sleep.</p>
<p>HIGH QUALITY METAL FRAME: Crafted from high-quality materials. Provides maximum protection against accidental falls, ensuring your baby’s safety at all times. It is comfortable to touch, durable and tear-free, easy to replace and clean.</p>
<p>BREATHABLE MESH PANEL FOR VISIBILITY: Featuring a breathable mesh panel, our bed rail offers visibility for parents to monitor their baby while promoting optimal airflow, contributing to a comfortable and secure sleeping environment.</p>
<p>CONVENIENT FOLD-DOWN DESIGN: With a user-friendly fold-down feature, this bed rail provides easy access to the bed, facilitating quick tasks such as changing sheets or comforting your baby during the night.</p>
<p>EASY INSTALLATION WITH ADJUSTABLE HEIGHT: Easy to set up, our bed rail is compatible with most standard-sized beds and features an adjustable height for a customized fit, offering parents a hassle-free solution.</p>
<p>PORTABLE & LIGHWEIGHT : Lightweight and foldable, this bed rail is simple to fold down into a compact size, making it convenient for storage when not in use. Perfect for parents on the go.</p>
<ul>
<li>4.4 out of 5 stars, 17 ratings</li>
<li>50+ bought in past month</li>
<li>One-time purchase: ₹2,699.0010% Savings</li>
<li>Apply 5% couponTerms|Shop items</li>
<li>Inclusive of all taxes</li>
</ul>
<p>Always stay in contact with your child during bathing. Never leave them unattended. Check water temperature (35-38°C) and ensure product stability before use. Replace broken components immediately.</p>
<ul>
<li>Did you find this product summary feature useful?</li>
</ul>",,Baby Products,"baby-products, hopop, bed-railing, baby-safety-products, 1-3-years, newborn, gender-neutral, 4-7-years, rail-guard",TRUE,,,,,deny,manual,2699.00,2.00,TRUE,TRUE,https://m.media-amazon.com/images/I/51E1EcmkYNL._SL1000_.jpg,1,Hopop Baby Bed Rail Guard for Baby Safety | Bed Railing for Safety | Foldable Single Bed Side Protector for Falling | Adjustable Height | Bed Rails |183cm x 69 cm | Blue,active
hopop-baby-bed-rail-guard-for-baby-safety-bed-railing-for-safety-foldable-single-bed-side-protector-for-falling-adjustable-height-bed-rails-183cm-x-69-cm-blue,,,,,,,,,,,,,,,,,https://m.media-amazon.com/images/I/61zRXMPlLTL._SL1000_.jpg,2,Hopop Baby Bed Rail Guard for Baby Safety | Bed Railing for Safety | Foldable Single Bed Side Protector for Falling | Adjustable Height | Bed Rails |183cm x 69 cm | Blue,
hopop-baby-bed-rail-guard-for-baby-safety-bed-railing-for-safety-foldable-single-bed-side-protector-for-falling-adjustable-height-bed-rails-183cm-x-69-cm-blue,,,,,,,,,,,,,,,,,https://m.media-amazon.com/images/I/61g36YLZwEL._SL1000_.jpg,3,Hopop Baby Bed Rail Guard for Baby Safety | Bed Railing for Safety | Foldable Single Bed Side Protector for Falling | Adjustable Height | Bed Rails |183cm x 69 cm | Blue,
hopop-baby-bed-rail-guard-for-baby-safety-bed-railing-for-safety-foldable-single-bed-side-protector-for-falling-adjustable-height-bed-rails-183cm-x-69-cm-blue,,,,,,,,,,,,,,,,,https://m.media-amazon.com/images/I/61kfYIVNgOL._SL1000_.jpg,4,Hopop Baby Bed Rail Guard for Baby Safety | Bed Railing for Safety | Foldable Single Bed Side Protector for Falling | Adjustable Height | Bed Rails |183cm x 69 cm | Blue,
hopop-baby-bed-rail-guard-for-baby-safety-bed-railing-for-safety-foldable-single-bed-side-protector-for-falling-adjustable-height-bed-rails-183cm-x-69-cm-blue,,,,,,,,,,,,,,,,,https://m.media-amazon.com/images/I/61UccDg5ODL._SL1000_.jpg,5,Hopop Baby Bed Rail Guard for Baby Safety | Bed Railing for Safety | Foldable Single Bed Side Protector for Falling | Adjustable Height | Bed Rails |183cm x 69 cm | Blue,
hopop-baby-bed-rail-guard-for-baby-safety-bed-railing-for-safety-foldable-single-bed-side-protector-for-falling-adjustable-height-bed-rails-183cm-x-69-cm-blue,,,,,,,,,,,,,,,,,https://m.media-amazon.com/images/I/61uTikISU4L._SL1000_.jpg,6,Hopop Baby Bed Rail Guard for Baby Safety | Bed Railing for Safety | Foldable Single Bed Side Protector for Falling | Adjustable Height | Bed Rails |183cm x 69 cm | Blue,
hopop-baby-bed-rail-guard-for-baby-safety-bed-railing-for-safety-foldable-single-bed-side-protector-for-falling-adjustable-height-bed-rails-183cm-x-69-cm-blue,,,,,,,,,,,,,,,,,https://m.media-amazon.com/images/I/61TBGhLz0PL._SL1000_.jpg,7,Hopop Baby Bed Rail Guard for Baby Safety | Bed Railing for Safety | Foldable Single Bed Side Protector for Falling | Adjustable Height | Bed Rails |183cm x 69 cm | Blue,
hopop-baby-bed-rail-guard-for-baby-safety-bed-railing-for-safety-foldable-single-bed-side-protector-for-falling-adjustable-height-bed-rails-183cm-x-69-cm-blue,,,,,,,,,,,,,,,,,https://m.media-amazon.com/images/I/61bowWsQYGL._SL1000_.jpg,8,Hopop Baby Bed Rail Guard for Baby Safety | Bed Railing for Safety | Foldable Single Bed Side Protector for Falling | Adjustable Height | Bed Rails |183cm x 69 cm | Blue,
hopop-grooming-kit-for-newborn-7-in-1-baby-grooming-kit-suitable-for-newborns-toddlers-soft-bristle-hair-brush-rounded-teeth-hair-comb-nail-scissors-nail-cutter-nail-file-nose-cleaner-finger-toothbrush-with-protective-case-blue,"Hopop Grooming Kit for Newborn | 7 in 1 Baby Grooming Kit | Suitable for Newborns & Toddlers | Soft Bristle Hair Brush, Rounded Teeth Hair Comb, Nail Scissors, Nail Cutter, Nail File, Nose Cleaner, Finger Toothbrush with protective case | Blue","<p>COMPLETE GROOMING SOLUTION: The Hopop Baby Grooming Kit includes all the necessary products to groom your baby efficiently. The set features a soft bristle hairbrush, rounded teeth haircomb, baby nail scissors, baby nail cutter, nose cleaner, nail file and finger toothbrush with protective case offering a comprehensive solution for daily grooming needs.</p>
<p>SAFE BPA-FREE & ERGONOMIC DESIGN: Safety is our top priority. Each products in the grooming kit is made from BPA-free materials, ensuring that your baby is not exposed to harmful chemicals during grooming sessions.Each products in the kit is ergonomically designed to provide a comfortable grip and ease of use. The baby nail scissors and cutter feature rounded tips for added safety, while the hairbrush and comb are gentle on your baby's delicate scalp.</p>
<p>HAIR COMB & BRUSH: Soft bristles of the brush untangles your baby’s hair gently without pulling or damaging the fine strands. Rounded end of comb teeth are gentle on the baby’s scalp. Easy grip handles for optimum control while using.</p>
<p>NAIL SCISSORS, NAIL CLIPPER,NAIL FILE & NOSE CLEANER : The complete baby nail care set is simple and easy to cut baby’s nail safely. Smooths edge with slight sharp blades to safely trim nails. Nail file helps to smooth baby nails, removing any sharp points or roughness after clipping. Shape and size designed for tiny nail.Nose Cleaner is specifically designed for babies with ultra soft and thin nozzle to conveniently clean the mucus from baby’s nostril.</p>
<p>FINGER TOOTHBRUSH: Help to clean milk deposits to keep germs & bacteria away for maximum oral hygiene. Soft silicone bristle are gentle on your baby’s oral cavity. Shape and size designed for easy grip and easy storage. Travel friendly ,store in the protective case provider. Easy to use ,clean and sterilize.</p>
<ul>
<li>4.5 out of 5 stars, 11 ratings</li>
<li>One-time purchase: ₹719.0010% Savings</li>
<li>Inclusive of all taxes</li>
<li>Did you find this product summary feature useful?</li>
</ul>",,Baby Products,"baby-products, baby-care-products, hopop, baby-grooming, 1-3-years, newborn, gender-neutral, 4-7-years, baby-grooming-kit",TRUE,,,,,deny,manual,719.00,799.00,TRUE,TRUE,https://m.media-amazon.com/images/I/61QZeDZDMUL._SL1500_.jpg,1,"Hopop Grooming Kit for Newborn | 7 in 1 Baby Grooming Kit | Suitable for Newborns & Toddlers | Soft Bristle Hair Brush, Rounded Teeth Hair Comb, Nail Scissors, Nail Cutter, Nail File, Nose Cleaner, Finger Toothbrush with protective case | Blue",active
hopop-grooming-kit-for-newborn-7-in-1-baby-grooming-kit-suitable-for-newborns-toddlers-soft-bristle-hair-brush-rounded-teeth-hair-comb-nail-scissors-nail-cutter-nail-file-nose-cleaner-finger-toothbrush-with-protective-case-blue,,,,,,,,,,,,,,,,,https://m.media-amazon.com/images/I/61JZi8q6aIL._SL1500_.jpg,2,"Hopop Grooming Kit for Newborn | 7 in 1 Baby Grooming Kit | Suitable for Newborns & Toddlers | Soft Bristle Hair Brush, Rounded Teeth Hair Comb, Nail Scissors, Nail Cutter, Nail File, Nose Cleaner, Finger Toothbrush with protective case | Blue",
hopop-grooming-kit-for-newborn-7-in-1-baby-grooming-kit-suitable-for-newborns-toddlers-soft-bristle-hair-brush-rounded-teeth-hair-comb-nail-scissors-nail-cutter-nail-file-nose-cleaner-finger-toothbrush-with-protective-case-blue,,,,,,,,,,,,,,,,,https://m.media-amazon.com/images/I/61r4TGYtrEL._SL1500_.jpg,3,"Hopop Grooming Kit for Newborn | 7 in 1 Baby Grooming Kit | Suitable for Newborns & Toddlers | Soft Bristle Hair Brush, Rounded Teeth Hair Comb, Nail Scissors, Nail Cutter, Nail File, Nose Cleaner, Finger Toothbrush with protective case | Blue",
hopop-grooming-kit-for-newborn-7-in-1-baby-grooming-kit-suitable-for-newborns-toddlers-soft-bristle-hair-brush-rounded-teeth-hair-comb-nail-scissors-nail-cutter-nail-file-nose-cleaner-finger-toothbrush-with-protective-case-blue,,,,,,,,,,,,,,,,,https://m.media-amazon.com/images/I/61MdEJgHPYL._SL1500_.jpg,4,"Hopop Grooming Kit for Newborn | 7 in 1 Baby Grooming Kit | Suitable for Newborns & Toddlers | Soft Bristle Hair Brush, Rounded Teeth Hair Comb, Nail Scissors, Nail Cutter, Nail File, Nose Cleaner, Finger Toothbrush with protective case | Blue",
hopop-grooming-kit-for-newborn-7-in-1-baby-grooming-kit-suitable-for-newborns-toddlers-soft-bristle-hair-brush-rounded-teeth-hair-comb-nail-scissors-nail-cutter-nail-file-nose-cleaner-finger-toothbrush-with-protective-case-blue,,,,,,,,,,,,,,,,,https://m.media-amazon.com/images/I/616Za0OMxTL._SL1500_.jpg,5,"Hopop Grooming Kit for Newborn | 7 in 1 Baby Grooming Kit | Suitable for Newborns & Toddlers | Soft Bristle Hair Brush, Rounded Teeth Hair Comb, Nail Scissors, Nail Cutter, Nail File, Nose Cleaner, Finger Toothbrush with protective case | Blue",
hopop-grooming-kit-for-newborn-7-in-1-baby-grooming-kit-suitable-for-newborns-toddlers-soft-bristle-hair-brush-rounded-teeth-hair-comb-nail-scissors-nail-cutter-nail-file-nose-cleaner-finger-toothbrush-with-protective-case-blue,,,,,,,,,,,,,,,,,https://m.media-amazon.com/images/I/71cgYzsWyiL._SL1500_.jpg,6,"Hopop Grooming Kit for Newborn | 7 in 1 Baby Grooming Kit | Suitable for Newborns & Toddlers | Soft Bristle Hair Brush, Rounded Teeth Hair Comb, Nail Scissors, Nail Cutter, Nail File, Nose Cleaner, Finger Toothbrush with protective case | Blue",
hopop-grooming-kit-for-newborn-7-in-1-baby-grooming-kit-suitable-for-newborns-toddlers-soft-bristle-hair-brush-rounded-teeth-hair-comb-nail-scissors-nail-cutter-nail-file-nose-cleaner-finger-toothbrush-with-protective-case-blue,,,,,,,,,,,,,,,,,https://m.media-amazon.com/images/I/61bT1miaAoL._SL1500_.jpg,7,"Hopop Grooming Kit for Newborn | 7 in 1 Baby Grooming Kit | Suitable for Newborns & Toddlers | Soft Bristle Hair Brush, Rounded Teeth Hair Comb, Nail Scissors, Nail Cutter, Nail File, Nose Cleaner, Finger Toothbrush with protective case | Blue",
hopop-grooming-kit-for-newborn-7-in-1-baby-grooming-kit-suitable-for-newborns-toddlers-soft-bristle-hair-brush-rounded-teeth-hair-comb-nail-scissors-nail-cutter-nail-file-nose-cleaner-finger-toothbrush-with-protective-case-blue,,,,,,,,,,,,,,,,,https://m.media-amazon.com/images/I/61KLyWPykoL._SL1500_.jpg,8,"Hopop Grooming Kit for Newborn | 7 in 1 Baby Grooming Kit | Suitable for Newborns & Toddlers | Soft Bristle Hair Brush, Rounded Teeth Hair Comb, Nail Scissors, Nail Cutter, Nail File, Nose Cleaner, Finger Toothbrush with protective case | Blue",
hopop-grooming-kit-for-newborn-7-in-1-baby-grooming-kit-suitable-for-newborns-toddlers-soft-bristle-hair-brush-rounded-teeth-hair-comb-nail-scissors-nail-cutter-nail-file-nose-cleaner-finger-toothbrush-with-protective-case-blue,,,,,,,,,,,,,,,,,https://m.media-amazon.com/images/I/61KoQgpwRWL._SL1500_.jpg,9,"Hopop Grooming Kit for Newborn | 7 in 1 Baby Grooming Kit | Suitable for Newborns & Toddlers | Soft Bristle Hair Brush, Rounded Teeth Hair Comb, Nail Scissors, Nail Cutter, Nail File, Nose Cleaner, Finger Toothbrush with protective case | Blue",
hopop-grooming-kit-for-newborn-7-in-1-baby-grooming-kit-suitable-for-newborns-toddlers-soft-bristle-hair-brush-rounded-teeth-hair-comb-nail-scissors-nail-cutter-nail-file-nose-cleaner-finger-toothbrush-with-protective-case-blue,,,,,,,,,,,,,,,,,https://m.media-amazon.com/images/I/71ykbQNG2ZL._SL1500_.jpg,10,"Hopop Grooming Kit for Newborn | 7 in 1 Baby Grooming Kit | Suitable for Newborns & Toddlers | Soft Bristle Hair Brush, Rounded Teeth Hair Comb, Nail Scissors, Nail Cutter, Nail File, Nose Cleaner, Finger Toothbrush with protective case | Blue",
hopop-grooming-kit-for-newborn-7-in-1-baby-grooming-kit-suitable-for-newborns-toddlers-soft-bristle-hair-brush-rounded-teeth-hair-comb-nail-scissors-nail-cutter-nail-file-nose-cleaner-finger-toothbrush-with-protective-case-blue,,,,,,,,,,,,,,,,,https://m.media-amazon.com/images/I/610S3UUyKQL._SL1500_.jpg,11,"Hopop Grooming Kit for Newborn | 7 in 1 Baby Grooming Kit | Suitable for Newborns & Toddlers | Soft Bristle Hair Brush, Rounded Teeth Hair Comb, Nail Scissors, Nail Cutter, Nail File, Nose Cleaner, Finger Toothbrush with protective case | Blue",
hopop-grooming-kit-for-newborn-7-in-1-baby-grooming-kit-suitable-for-newborns-toddlers-soft-bristle-hair-brush-rounded-teeth-hair-comb-nail-scissors-nail-cutter-nail-file-nose-cleaner-finger-toothbrush-with-protective-case-blue,,,,,,,,,,,,,,,,,https://m.media-amazon.com/images/I/61es3Gu2BhL._SL1500_.jpg,12,"Hopop Grooming Kit for Newborn | 7 in 1 Baby Grooming Kit | Suitable for Newborns & Toddlers | Soft Bristle Hair Brush, Rounded Teeth Hair Comb, Nail Scissors, Nail Cutter, Nail File, Nose Cleaner, Finger Toothbrush with protective case | Blue",
hopop-grooming-kit-for-newborn-7-in-1-baby-grooming-kit-suitable-for-newborns-toddlers-soft-bristle-hair-brush-rounded-teeth-hair-comb-nail-scissors-nail-cutter-nail-file-nose-cleaner-finger-toothbrush-with-protective-case-blue,,,,,,,,,,,,,,,,,https://m.media-amazon.com/images/I/61U83q1jnVL._SL1500_.jpg,13,"Hopop Grooming Kit for Newborn | 7 in 1 Baby Grooming Kit | Suitable for Newborns & Toddlers | Soft Bristle Hair Brush, Rounded Teeth Hair Comb, Nail Scissors, Nail Cutter, Nail File, Nose Cleaner, Finger Toothbrush with protective case | Blue",
hopop-grooming-kit-for-newborn-7-in-1-baby-grooming-kit-suitable-for-newborns-toddlers-soft-bristle-hair-brush-rounded-teeth-hair-comb-nail-scissors-nail-cutter-nail-file-nose-cleaner-finger-toothbrush-with-protective-case-blue,,,,,,,,,,,,,,,,,https://m.media-amazon.com/images/I/51Fzz8oKZ8L._SL1500_.jpg,14,"Hopop Grooming Kit for Newborn | 7 in 1 Baby Grooming Kit | Suitable for Newborns & Toddlers | Soft Bristle Hair Brush, Rounded Teeth Hair Comb, Nail Scissors, Nail Cutter, Nail File, Nose Cleaner, Finger Toothbrush with protective case | Blue",
hopop-grooming-kit-for-newborn-7-in-1-baby-grooming-kit-suitable-for-newborns-toddlers-soft-bristle-hair-brush-rounded-teeth-hair-comb-nail-scissors-nail-cutter-nail-file-nose-cleaner-finger-toothbrush-with-protective-case-blue,,,,,,,,,,,,,,,,,https://m.media-amazon.com/images/I/61qfQscgJHL._SL1500_.jpg,15,"Hopop Grooming Kit for Newborn | 7 in 1 Baby Grooming Kit | Suitable for Newborns & Toddlers | Soft Bristle Hair Brush, Rounded Teeth Hair Comb, Nail Scissors, Nail Cutter, Nail File, Nose Cleaner, Finger Toothbrush with protective case | Blue",
hopop-grooming-kit-for-newborn-7-in-1-baby-grooming-kit-suitable-for-newborns-toddlers-soft-bristle-hair-brush-rounded-teeth-hair-comb-nail-scissors-nail-cutter-nail-file-nose-cleaner-finger-toothbrush-with-protective-case-blue,,,,,,,,,,,,,,,,,https://m.media-amazon.com/images/I/61XO-AHCgTL._SL1500_.jpg,16,"Hopop Grooming Kit for Newborn | 7 in 1 Baby Grooming Kit | Suitable for Newborns & Toddlers | Soft Bristle Hair Brush, Rounded Teeth Hair Comb, Nail Scissors, Nail Cutter, Nail File, Nose Cleaner, Finger Toothbrush with protective case | Blue",
hopop-grooming-kit-for-newborn-7-in-1-baby-grooming-kit-suitable-for-newborns-toddlers-soft-bristle-hair-brush-rounded-teeth-hair-comb-nail-scissors-nail-cutter-nail-file-nose-cleaner-finger-toothbrush-with-protective-case-blue,,,,,,,,,,,,,,,,,https://m.media-amazon.com/images/I/61eA3pM7r6L._SL1500_.jpg,17,"Hopop Grooming Kit for Newborn | 7 in 1 Baby Grooming Kit | Suitable for Newborns & Toddlers | Soft Bristle Hair Brush, Rounded Teeth Hair Comb, Nail Scissors, Nail Cutter, Nail File, Nose Cleaner, Finger Toothbrush with protective case | Blue",
hopop-grooming-kit-for-newborn-7-in-1-baby-grooming-kit-suitable-for-newborns-toddlers-soft-bristle-hair-brush-rounded-teeth-hair-comb-nail-scissors-nail-cutter-nail-file-nose-cleaner-finger-toothbrush-with-protective-case-blue,,,,,,,,,,,,,,,,,https://m.media-amazon.com/images/I/61dRNJddDZL._SL1500_.jpg,18,"Hopop Grooming Kit for Newborn | 7 in 1 Baby Grooming Kit | Suitable for Newborns & Toddlers | Soft Bristle Hair Brush, Rounded Teeth Hair Comb, Nail Scissors, Nail Cutter, Nail File, Nose Cleaner, Finger Toothbrush with protective case | Blue",
hopop-grooming-kit-for-newborn-7-in-1-baby-grooming-kit-suitable-for-newborns-toddlers-soft-bristle-hair-brush-rounded-teeth-hair-comb-nail-scissors-nail-cutter-nail-file-nose-cleaner-finger-toothbrush-with-protective-case-blue,,,,,,,,,,,,,,,,,https://m.media-amazon.com/images/I/61HpZdWLx6L._SL1500_.jpg,19,"Hopop Grooming Kit for Newborn | 7 in 1 Baby Grooming Kit | Suitable for Newborns & Toddlers | Soft Bristle Hair Brush, Rounded Teeth Hair Comb, Nail Scissors, Nail Cutter, Nail File, Nose Cleaner, Finger Toothbrush with protective case | Blue",
hopop-grooming-kit-for-newborn-7-in-1-baby-grooming-kit-suitable-for-newborns-toddlers-soft-bristle-hair-brush-rounded-teeth-hair-comb-nail-scissors-nail-cutter-nail-file-nose-cleaner-finger-toothbrush-with-protective-case-blue,,,,,,,,,,,,,,,,,https://m.media-amazon.com/images/I/61zaFKag9aL._SL1000_.jpg,20,"Hopop Grooming Kit for Newborn | 7 in 1 Baby Grooming Kit | Suitable for Newborns & Toddlers | Soft Bristle Hair Brush, Rounded Teeth Hair Comb, Nail Scissors, Nail Cutter, Nail File, Nose Cleaner, Finger Toothbrush with protective case | Blue",
hopop-grooming-kit-for-newborn-7-in-1-baby-grooming-kit-suitable-for-newborns-toddlers-soft-bristle-hair-brush-rounded-teeth-hair-comb-nail-scissors-nail-cutter-nail-file-nose-cleaner-finger-toothbrush-with-protective-case-blue,,,,,,,,,,,,,,,,,https://m.media-amazon.com/images/I/61+9JDCCjML._SL1000_.jpg,21,"Hopop Grooming Kit for Newborn | 7 in 1 Baby Grooming Kit | Suitable for Newborns & Toddlers | Soft Bristle Hair Brush, Rounded Teeth Hair Comb, Nail Scissors, Nail Cutter, Nail File, Nose Cleaner, Finger Toothbrush with protective case | Blue",
hopop-grooming-kit-for-newborn-7-in-1-baby-grooming-kit-suitable-for-newborns-toddlers-soft-bristle-hair-brush-rounded-teeth-hair-comb-nail-scissors-nail-cutter-nail-file-nose-cleaner-finger-toothbrush-with-protective-case-blue,,,,,,,,,,,,,,,,,https://m.media-amazon.com/images/I/51Z-8ExX8DL._SL1000_.jpg,22,"Hopop Grooming Kit for Newborn | 7 in 1 Baby Grooming Kit | Suitable for Newborns & Toddlers | Soft Bristle Hair Brush, Rounded Teeth Hair Comb, Nail Scissors, Nail Cutter, Nail File, Nose Cleaner, Finger Toothbrush with protective case | Blue",
hopop-grooming-kit-for-newborn-7-in-1-baby-grooming-kit-suitable-for-newborns-toddlers-soft-bristle-hair-brush-rounded-teeth-hair-comb-nail-scissors-nail-cutter-nail-file-nose-cleaner-finger-toothbrush-with-protective-case-blue,,,,,,,,,,,,,,,,,https://m.media-amazon.com/images/I/51STcUyJ1GL._SL1000_.jpg,23,"Hopop Grooming Kit for Newborn | 7 in 1 Baby Grooming Kit | Suitable for Newborns & Toddlers | Soft Bristle Hair Brush, Rounded Teeth Hair Comb, Nail Scissors, Nail Cutter, Nail File, Nose Cleaner, Finger Toothbrush with protective case | Blue",
hopop-grooming-kit-for-newborn-7-in-1-baby-grooming-kit-suitable-for-newborns-toddlers-soft-bristle-hair-brush-rounded-teeth-hair-comb-nail-scissors-nail-cutter-nail-file-nose-cleaner-finger-toothbrush-with-protective-case-blue,,,,,,,,,,,,,,,,,https://m.media-amazon.com/images/I/61RmSUuBJVL._SL1000_.jpg,24,"Hopop Grooming Kit for Newborn | 7 in 1 Baby Grooming Kit | Suitable for Newborns & Toddlers | Soft Bristle Hair Brush, Rounded Teeth Hair Comb, Nail Scissors, Nail Cutter, Nail File, Nose Cleaner, Finger Toothbrush with protective case | Blue",
hopop-grooming-kit-for-newborn-7-in-1-baby-grooming-kit-suitable-for-newborns-toddlers-soft-bristle-hair-brush-rounded-teeth-hair-comb-nail-scissors-nail-cutter-nail-file-nose-cleaner-finger-toothbrush-with-protective-case-blue,,,,,,,,,,,,,,,,,https://m.media-amazon.com/images/I/61OOb9IPvbL._SL1000_.jpg,25,"Hopop Grooming Kit for Newborn | 7 in 1 Baby Grooming Kit | Suitable for Newborns & Toddlers | Soft Bristle Hair Brush, Rounded Teeth Hair Comb, Nail Scissors, Nail Cutter, Nail File, Nose Cleaner, Finger Toothbrush with protective case | Blue",
hopop-grooming-kit-for-newborn-7-in-1-baby-grooming-kit-suitable-for-newborns-toddlers-soft-bristle-hair-brush-rounded-teeth-hair-comb-nail-scissors-nail-cutter-nail-file-nose-cleaner-finger-toothbrush-with-protective-case-blue,,,,,,,,,,,,,,,,,https://m.media-amazon.com/images/I/51chkIiLXcL._SL1000_.jpg,26,"Hopop Grooming Kit for Newborn | 7 in 1 Baby Grooming Kit | Suitable for Newborns & Toddlers | Soft Bristle Hair Brush, Rounded Teeth Hair Comb, Nail Scissors, Nail Cutter, Nail File, Nose Cleaner, Finger Toothbrush with protective case | Blue",
hopop-grooming-kit-for-newborn-7-in-1-baby-grooming-kit-suitable-for-newborns-toddlers-soft-bristle-hair-brush-rounded-teeth-hair-comb-nail-scissors-nail-cutter-nail-file-nose-cleaner-finger-toothbrush-with-protective-case-blue,,,,,,,,,,,,,,,,,https://m.media-amazon.com/images/I/61DPV+u1yhL._SL1000_.jpg,27,"Hopop Grooming Kit for Newborn | 7 in 1 Baby Grooming Kit | Suitable for Newborns & Toddlers | Soft Bristle Hair Brush, Rounded Teeth Hair Comb, Nail Scissors, Nail Cutter, Nail File, Nose Cleaner, Finger Toothbrush with protective case | Blue",
hopop-grooming-kit-for-newborn-7-in-1-baby-grooming-kit-suitable-for-newborns-toddlers-soft-bristle-hair-brush-rounded-teeth-hair-comb-nail-scissors-nail-cutter-nail-file-nose-cleaner-finger-toothbrush-with-protective-case-blue,,,,,,,,,,,,,,,,,https://m.media-amazon.com/images/I/51MDgVx5LpL._SL1000_.jpg,28,"Hopop Grooming Kit for Newborn | 7 in 1 Baby Grooming Kit | Suitable for Newborns & Toddlers | Soft Bristle Hair Brush, Rounded Teeth Hair Comb, Nail Scissors, Nail Cutter, Nail File, Nose Cleaner, Finger Toothbrush with protective case | Blue",
hopop-grooming-kit-for-newborn-7-in-1-baby-grooming-kit-suitable-for-newborns-toddlers-soft-bristle-hair-brush-rounded-teeth-hair-comb-nail-scissors-nail-cutter-nail-file-nose-cleaner-finger-toothbrush-with-protective-case-blue,,,,,,,,,,,,,,,,,https://m.media-amazon.com/images/I/519EOWd0vDL._SL1000_.jpg,29,"Hopop Grooming Kit for Newborn | 7 in 1 Baby Grooming Kit | Suitable for Newborns & Toddlers | Soft Bristle Hair Brush, Rounded Teeth Hair Comb, Nail Scissors, Nail Cutter, Nail File, Nose Cleaner, Finger Toothbrush with protective case | Blue",
hopop-grooming-kit-for-newborn-7-in-1-baby-grooming-kit-suitable-for-newborns-toddlers-soft-bristle-hair-brush-rounded-teeth-hair-comb-nail-scissors-nail-cutter-nail-file-nose-cleaner-finger-toothbrush-with-protective-case-blue,,,,,,,,,,,,,,,,,https://m.media-amazon.com/images/I/61eHW279hfL._SL1000_.jpg,30,"Hopop Grooming Kit for Newborn | 7 in 1 Baby Grooming Kit | Suitable for Newborns & Toddlers | Soft Bristle Hair Brush, Rounded Teeth Hair Comb, Nail Scissors, Nail Cutter, Nail File, Nose Cleaner, Finger Toothbrush with protective case | Blue",
