Handle,Title,Body (HTML),Vendor,Type,Tags,Published,Option1 Name,Option1 Value,Variant Grams,Variant Inventory Qty,Variant Inventory Policy,Variant Fulfillment Service,Variant Price,Variant Compare At Price,Variant Requires Shipping,Variant Taxable,Image Src,Image Position,Image Alt Text,Status
hello-friend-books-jungle-animals-puzzle-book-board-book-with-jigsaw-puzzles-for-kids,Hello Friend Books Jungle Animals Puzzle Book: Board Book with Jigsaw Puzzles for Kids,"<p>Embark on an adventure through lush jungles with the Jungle Animals Puzzle Board Book. Each sturdy page presents vibrant illustrations of exotic creatures and dense foliage. Delightful puzzles await, challenging young explorers to match pieces to their corresponding slots, revealing hidden treasures like playful monkeys swinging from vines and majestic tigers prowling through the undergrowth. With its engaging format, children develop problem-solving skills and hand-eye coordination while discovering the wonders of the jungle. Perfect for toddlers and preschoolers, this interactive book provides hours of entertainment and educational value, fostering a love for nature and igniting imaginations with every puzzle solved.</p>",,Books,"children-books, books, 1-3-years, 4-7-years, 8+-years, gender-neutral, interactive-books, creative-books, puzzle-books, girls, boys",TRUE,,,,,deny,manual,295.00,,TRUE,TRUE,https://hellofriendbooks.com/wp-content/uploads/2024/09/AMZ-131-Jungle-Puzzle-Board-Book-front-RPB-001.png,1,Hello Friend Books Jungle Animals Puzzle Book: Board Book with Jigsaw Puzzles for Kids,active
hello-friend-books-jungle-animals-puzzle-book-board-book-with-jigsaw-puzzles-for-kids,,,,,,,,,,,,,,,,,https://hellofriendbooks.com/wp-content/uploads/2024/09/AMZ-131-Jungle-Puzzle-Board-Book-inner-RPB-001.png,2,Hello Friend Books Jungle Animals Puzzle Book: Board Book with Jigsaw Puzzles for Kids,
hello-friend-books-jungle-animals-puzzle-book-board-book-with-jigsaw-puzzles-for-kids,,,,,,,,,,,,,,,,,https://hellofriendbooks.com/wp-content/uploads/2024/09/AMZ-131-Jungle-Puzzle-Board-Book-inner2-RPB-001.png,3,Hello Friend Books Jungle Animals Puzzle Book: Board Book with Jigsaw Puzzles for Kids,
hello-friend-books-jungle-animals-puzzle-book-board-book-with-jigsaw-puzzles-for-kids,,,,,,,,,,,,,,,,,https://hellofriendbooks.com/wp-content/uploads/2024/09/AMZ-131-Jungle-Puzzle-Board-Book-back-RPB-001.png,4,Hello Friend Books Jungle Animals Puzzle Book: Board Book with Jigsaw Puzzles for Kids,
hello-friend-books-my-shaped-story-book-ugly-ducking-shaped-story-board-book-for-kids,Hello Friend Books My Shaped Story Book: Ugly Ducking  – Shaped Story Board Book for Kids,"<p>“My Shaped Story Book: The Ugly Duckling” is a delightful board book that retells Hans Christian Andersen’s timeless tale in a format perfect for young readers. With its unique shape and sturdy board pages, it’s designed to withstand the excitement of little hands. Vivid illustrations bring the story of transformation and acceptance to life, captivating children with each turn of the page. From the little duckling’s journey of self-discovery to finding acceptance and belonging, this book teaches valuable lessons about inner beauty and kindness. It’s a charming addition to any child’s library, sparking imagination and empathy along the way.</p>",,Books,"children-books, books, 1-3-years, 4-7-years, 8+-years, gender-neutral, interactive-books, creative-books, puzzle-books, girls, boys",TRUE,,,,,deny,manual,295.00,,TRUE,TRUE,https://hellofriendbooks.com/wp-content/uploads/2024/09/AMZ-137-Ugly-Duckling-Front-TPP-005.png,1,Hello Friend Books My Shaped Story Book: Ugly Ducking  – Shaped Story Board Book for Kids,active
hello-friend-books-my-shaped-story-book-ugly-ducking-shaped-story-board-book-for-kids,,,,,,,,,,,,,,,,,https://hellofriendbooks.com/wp-content/uploads/2024/09/AMZ-137-Ugly-Duckling-Inner-TPP-005.png,2,Hello Friend Books My Shaped Story Book: Ugly Ducking  – Shaped Story Board Book for Kids,
hello-friend-books-my-shaped-story-book-ugly-ducking-shaped-story-board-book-for-kids,,,,,,,,,,,,,,,,,https://hellofriendbooks.com/wp-content/uploads/2024/09/AMZ-137-Ugly-Duckling-Inner1-TPP-005.png,3,Hello Friend Books My Shaped Story Book: Ugly Ducking  – Shaped Story Board Book for Kids,
hello-friend-books-my-shaped-story-book-ugly-ducking-shaped-story-board-book-for-kids,,,,,,,,,,,,,,,,,https://hellofriendbooks.com/wp-content/uploads/2024/09/AMZ-137-Ugly-Duckling-Back-TPP-005.png,4,Hello Friend Books My Shaped Story Book: Ugly Ducking  – Shaped Story Board Book for Kids,
hello-friend-books-my-shaped-story-book-snow-white-and-the-seven-drawfs-shaped-story-board-book-for-kids,Hello Friend Books My Shaped Story Book: Snow White And The Seven Drawfs  – Shaped Story Board Book for Kids,"<p>My Shaped Story Book: Snow White and the Seven Dwarfs invites children into a timeless tale of friendship and courage. With its uniquely shaped board design, this book sparks curiosity and captivates young minds from the start. Vibrant illustrations bring Snow White’s adventures to life, depicting her encounters with the lovable dwarfs and the wicked Queen. Each page turn unveils a new facet of the story, engaging children in a magical journey filled with wonder and excitement. Perfectly sized for little hands, this shaped storybook offers a delightful introduction to the beloved fairy tale, fostering imagination and a love for storytelling in young readers.</p>",,Books,"children-books, books, 1-3-years, 4-7-years, 8+-years, interactive-books, creative-books, hard-cut, story-books, girls",TRUE,,,,,deny,manual,295.00,,TRUE,TRUE,https://hellofriendbooks.com/wp-content/uploads/2024/09/AMZ-137-Snow-white-and-the-seven-dwarfs-Front-TPP-002.png,1,Hello Friend Books My Shaped Story Book: Snow White And The Seven Drawfs  – Shaped Story Board Book for Kids,active
hello-friend-books-my-shaped-story-book-snow-white-and-the-seven-drawfs-shaped-story-board-book-for-kids,,,,,,,,,,,,,,,,,https://hellofriendbooks.com/wp-content/uploads/2024/09/AMZ-137-Snow-white-and-the-seven-dwarfs-Inner-TPP-002.png,2,Hello Friend Books My Shaped Story Book: Snow White And The Seven Drawfs  – Shaped Story Board Book for Kids,
hello-friend-books-my-shaped-story-book-snow-white-and-the-seven-drawfs-shaped-story-board-book-for-kids,,,,,,,,,,,,,,,,,https://hellofriendbooks.com/wp-content/uploads/2024/09/AMZ-137-Snow-white-and-the-seven-dwarfs-Inner1-TPP-002.png,3,Hello Friend Books My Shaped Story Book: Snow White And The Seven Drawfs  – Shaped Story Board Book for Kids,
hello-friend-books-my-shaped-story-book-snow-white-and-the-seven-drawfs-shaped-story-board-book-for-kids,,,,,,,,,,,,,,,,,https://hellofriendbooks.com/wp-content/uploads/2024/09/AMZ-137-Snow-white-and-the-seven-dwarfs-Back-TPP-002.png,4,Hello Friend Books My Shaped Story Book: Snow White And The Seven Drawfs  – Shaped Story Board Book for Kids,
hello-friend-books-nursery-rhymes-sound-book-sing-along-read-and-play-with-keyboard-sound-book-sky-blue,"Hello Friend Books Nursery Rhymes Sound Book: Sing Along, Read and Play with Keyboard Sound Book (Sky Blue)","<p>Immerse yourself in an auditory adventure with a sound book. Each page comes alive with vibrant narration, music, and sound effects, enhancing the story or educational content. Whether it’s a children’s tale, a nature guide, or a musical journey, let the sounds captivate and enrich your reading experience.</p>",,Books,"children-books, books, 1-3-years, 4-7-years, 8+-years, gender-neutral, interactive-books, creative-books, hard-cut, story-books, music-books, audio-books, sound-books, girls, boys, rhymes",TRUE,,,,,deny,manual,295.00,,TRUE,TRUE,https://hellofriendbooks.com/wp-content/uploads/2024/09/Amz30-Nursery-Rhymes-Piano-Book-1.png,1,"Hello Friend Books Nursery Rhymes Sound Book: Sing Along, Read and Play with Keyboard Sound Book (Sky Blue)",active
hello-friend-books-nursery-rhymes-sound-book-sing-along-read-and-play-with-keyboard-sound-book-sky-blue,,,,,,,,,,,,,,,,,https://hellofriendbooks.com/wp-content/uploads/2024/09/Amz30-Nursery-Rhymes-Piano-Book-3.png,2,"Hello Friend Books Nursery Rhymes Sound Book: Sing Along, Read and Play with Keyboard Sound Book (Sky Blue)",
hello-friend-books-nursery-rhymes-sound-book-sing-along-read-and-play-with-keyboard-sound-book-sky-blue,,,,,,,,,,,,,,,,,https://hellofriendbooks.com/wp-content/uploads/2024/09/Amz30-Nursery-Rhymes-Piano-Book-4.png,3,"Hello Friend Books Nursery Rhymes Sound Book: Sing Along, Read and Play with Keyboard Sound Book (Sky Blue)",
hello-friend-books-nursery-rhymes-sound-book-sing-along-read-and-play-with-keyboard-sound-book-sky-blue,,,,,,,,,,,,,,,,,https://hellofriendbooks.com/wp-content/uploads/2024/09/Amz30-Nursery-Rhymes-Piano-Book-5-1.png,4,"Hello Friend Books Nursery Rhymes Sound Book: Sing Along, Read and Play with Keyboard Sound Book (Sky Blue)",
hello-friend-books-nursery-rhymes-sound-book-sing-along-read-and-play-with-keyboard-sound-book-sky-blue,,,,,,,,,,,,,,,,,https://hellofriendbooks.com/wp-content/uploads/2024/09/Amz30-Nursery-Rhymes-Piano-Book-2-1.png,5,"Hello Friend Books Nursery Rhymes Sound Book: Sing Along, Read and Play with Keyboard Sound Book (Sky Blue)",
hello-friend-books-kids-fun-reusable-wipe-and-clean-book-embark-on-an-exciting-journey-exploring-first-words-and-enhance-early-learning-skills-through-playful-interaction,Hello Friend Books Kids Fun! Reusable Wipe and Clean Book – Embark on an Exciting Journey Exploring First Words and Enhance Early Learning Skills Through Playful Interaction,"<p>“Kids Fun! Reusable Wipe and Clean Book” offers an interactive journey into the world of numbers for children. With its wipeable pages, it encourages repeated practice and playful interaction. Each page invites young learners to explore numbers through vibrant illustrations and engaging activities. From counting to basic arithmetic, children embark on an exciting learning adventure, enhancing their early numeracy skills through hands-on play. This innovative book fosters creativity and stimulates curiosity, instilling a love for learning in a fun and interactive way. It’s a valuable resource for parents and educators, promoting early numeracy development and providing endless opportunities for playful exploration and skill-building.</p>",,Books,"children-books, books, 1-3-years, 4-7-years, gender-neutral, write-and-wipe-books, learning-books, girls, boys",TRUE,,,,,deny,manual,295.00,,TRUE,TRUE,https://hellofriendbooks.com/wp-content/uploads/2024/09/AMZ-145-First-words-Front-WNC-003-1.png,1,Hello Friend Books Kids Fun! Reusable Wipe and Clean Book – Embark on an Exciting Journey Exploring First Words and Enhance Early Learning Skills Through Playful Interaction,active
hello-friend-books-kids-fun-reusable-wipe-and-clean-book-embark-on-an-exciting-journey-exploring-first-words-and-enhance-early-learning-skills-through-playful-interaction,,,,,,,,,,,,,,,,,https://hellofriendbooks.com/wp-content/uploads/2024/09/AMZ-145-First-words-Inner-WNC-003.png,2,Hello Friend Books Kids Fun! Reusable Wipe and Clean Book – Embark on an Exciting Journey Exploring First Words and Enhance Early Learning Skills Through Playful Interaction,
hello-friend-books-kids-fun-reusable-wipe-and-clean-book-embark-on-an-exciting-journey-exploring-first-words-and-enhance-early-learning-skills-through-playful-interaction,,,,,,,,,,,,,,,,,https://hellofriendbooks.com/wp-content/uploads/2024/09/AMZ-145-First-words-Inner1-WNC-003.png,3,Hello Friend Books Kids Fun! Reusable Wipe and Clean Book – Embark on an Exciting Journey Exploring First Words and Enhance Early Learning Skills Through Playful Interaction,
hello-friend-books-kids-fun-reusable-wipe-and-clean-book-embark-on-an-exciting-journey-exploring-first-words-and-enhance-early-learning-skills-through-playful-interaction,,,,,,,,,,,,,,,,,https://hellofriendbooks.com/wp-content/uploads/2024/09/AMZ-145-First-words-Back-WNC-003.png,4,Hello Friend Books Kids Fun! Reusable Wipe and Clean Book – Embark on an Exciting Journey Exploring First Words and Enhance Early Learning Skills Through Playful Interaction,
hello-friend-books-kids-fun-reusable-wipe-and-clean-book-embark-on-an-exciting-journey-exploring-capital-letters-alphabet-and-enhance-early-learning-skills-through-playful-interaction,Hello Friend Books Kids Fun! Reusable Wipe and Clean Book – Embark on an Exciting Journey Exploring Capital Letters / Alphabet and Enhance Early Learning Skills Through Playful Interaction,"<p>“Kids Fun! Reusable Wipe and Clean Book” offers an engaging learning experience for children, focusing on capital letters and alphabets. With its wipeable pages, it’s perfect for repeated use and playful interaction. Each page invites young learners on an exciting journey through the alphabet, fostering early literacy skills through vibrant illustrations and interactive activities. Children explore capital letters in a fun and hands-on way, enhancing their learning through playful engagement. This innovative book not only educates but also encourages creativity and fosters a love for learning. It’s a valuable resource for parents and educators, promoting early literacy development in an enjoyable and interactive manner.</p>",,Books,"children-books, books, 1-3-years, 4-7-years, gender-neutral, write-and-wipe-books, learning-books, girls, boys",TRUE,,,,,deny,manual,295.00,,TRUE,TRUE,https://hellofriendbooks.com/wp-content/uploads/2024/09/AMZ-145-Capital-letters-Front-WNC-001.png,1,Hello Friend Books Kids Fun! Reusable Wipe and Clean Book – Embark on an Exciting Journey Exploring Capital Letters / Alphabet and Enhance Early Learning Skills Through Playful Interaction,active
hello-friend-books-kids-fun-reusable-wipe-and-clean-book-embark-on-an-exciting-journey-exploring-capital-letters-alphabet-and-enhance-early-learning-skills-through-playful-interaction,,,,,,,,,,,,,,,,,https://hellofriendbooks.com/wp-content/uploads/2024/09/AMZ-145-Capital-letters-Inner-WNC-001.png,2,Hello Friend Books Kids Fun! Reusable Wipe and Clean Book – Embark on an Exciting Journey Exploring Capital Letters / Alphabet and Enhance Early Learning Skills Through Playful Interaction,
hello-friend-books-kids-fun-reusable-wipe-and-clean-book-embark-on-an-exciting-journey-exploring-capital-letters-alphabet-and-enhance-early-learning-skills-through-playful-interaction,,,,,,,,,,,,,,,,,https://hellofriendbooks.com/wp-content/uploads/2024/09/AMZ-145-Capital-letters-Inner1-WNC-001.png,3,Hello Friend Books Kids Fun! Reusable Wipe and Clean Book – Embark on an Exciting Journey Exploring Capital Letters / Alphabet and Enhance Early Learning Skills Through Playful Interaction,
hello-friend-books-kids-fun-reusable-wipe-and-clean-book-embark-on-an-exciting-journey-exploring-capital-letters-alphabet-and-enhance-early-learning-skills-through-playful-interaction,,,,,,,,,,,,,,,,,https://hellofriendbooks.com/wp-content/uploads/2024/09/AMZ-145-Capital-letters-Back-WNC-001.png,4,Hello Friend Books Kids Fun! Reusable Wipe and Clean Book – Embark on an Exciting Journey Exploring Capital Letters / Alphabet and Enhance Early Learning Skills Through Playful Interaction,
hello-friend-books-puffy-stickers-activity-book-farm-amazing-actvity-book-with-colourful-puffy-stickers-for-kids-to-enjoy,Hello Friend Books Puffy Stickers Activity Book: Farm- Amazing Actvity Book with Colourful Puffy Stickers for Kids to Enjoy,"<p>The Farm Sticker & Activity Book – Puffy Stickers invites young adventurers to explore the charm of rural life and agriculture. Each page features lively illustrations depicting scenes from the farm, including barns, fields, and a variety of farm animals. With puffy stickers portraying cows, pigs, chickens, and more, children can embellish the scenes and create their own agricultural adventures. From tending to crops to caring for animals, this activity book offers hours of imaginative play and creative expression. With its durable pages and reusable stickers, it provides endless entertainment for budding farmers, fostering an appreciation for nature and rural living.</p>",,Books,"children-books, books, 1-3-years, 4-7-years, gender-neutral, stories, interactive-books, creative-books, activity-books, sticker-books, girls, boys",TRUE,,,,,deny,manual,295.00,,TRUE,TRUE,https://hellofriendbooks.com/wp-content/uploads/2024/09/AMZ-127-Farm-activity-Book-front-PSB-006.png,1,Hello Friend Books Puffy Stickers Activity Book: Farm- Amazing Actvity Book with Colourful Puffy Stickers for Kids to Enjoy,active
hello-friend-books-puffy-stickers-activity-book-farm-amazing-actvity-book-with-colourful-puffy-stickers-for-kids-to-enjoy,,,,,,,,,,,,,,,,,https://hellofriendbooks.com/wp-content/uploads/2024/09/AMZ-127-Farm-activity-Book-Sticker-PSB-006.png,2,Hello Friend Books Puffy Stickers Activity Book: Farm- Amazing Actvity Book with Colourful Puffy Stickers for Kids to Enjoy,
hello-friend-books-puffy-stickers-activity-book-farm-amazing-actvity-book-with-colourful-puffy-stickers-for-kids-to-enjoy,,,,,,,,,,,,,,,,,https://hellofriendbooks.com/wp-content/uploads/2024/09/AMZ-127-Farm-activity-Book-inner-PSB-006.png,3,Hello Friend Books Puffy Stickers Activity Book: Farm- Amazing Actvity Book with Colourful Puffy Stickers for Kids to Enjoy,
hello-friend-books-puffy-stickers-activity-book-farm-amazing-actvity-book-with-colourful-puffy-stickers-for-kids-to-enjoy,,,,,,,,,,,,,,,,,https://hellofriendbooks.com/wp-content/uploads/2024/09/AMZ-127-Farm-activity-Book-inner2-PSB-006.png,4,Hello Friend Books Puffy Stickers Activity Book: Farm- Amazing Actvity Book with Colourful Puffy Stickers for Kids to Enjoy,
hello-friend-books-puffy-stickers-activity-book-farm-amazing-actvity-book-with-colourful-puffy-stickers-for-kids-to-enjoy,,,,,,,,,,,,,,,,,https://hellofriendbooks.com/wp-content/uploads/2024/09/AMZ-127-Farm-activity-Book-back-PSB-006.png,5,Hello Friend Books Puffy Stickers Activity Book: Farm- Amazing Actvity Book with Colourful Puffy Stickers for Kids to Enjoy,
hello-friend-books-colour-in-fun-water-colouring-pad-exciting-water-colouring-with-colouring-book-water-colours-and-paint-brush-pink,"Hello Friend Books Colour in Fun Water Colouring Pad: Exciting Water Colouring with Colouring Book, Water Colours and Paint Brush (Pink)","<p>Unleash your creativity with the “Colour in Fun Water Colouring Pad” in a delightful shade of pink. This engaging set includes a colouring book, watercolours, and a paintbrush, offering an exciting watercolour experience. Each page of the colouring book is specially designed to interact with water, revealing vibrant colours when painted over. From adorable animals to enchanting scenes, the illustrations provide endless opportunities for artistic exploration. Whether you’re a budding artist or a seasoned creator, this watercolour pad promises hours of immersive fun and expression. Let your imagination soar as you bring these captivating designs to life with every stroke of the brush!</p>",,Books,"children-books, books, 1-3-years, 4-7-years, gender-neutral, stories, interactive-books, creative-books, activity-books, book-with-colours, girls, boys",TRUE,,,,,deny,manual,295.00,,TRUE,TRUE,https://hellofriendbooks.com/wp-content/uploads/2024/09/Amz-10-Attractive-Colouring-B-Book-Front-COL019.png,1,"Hello Friend Books Colour in Fun Water Colouring Pad: Exciting Water Colouring with Colouring Book, Water Colours and Paint Brush (Pink)",active
hello-friend-books-colour-in-fun-water-colouring-pad-exciting-water-colouring-with-colouring-book-water-colours-and-paint-brush-pink,,,,,,,,,,,,,,,,,https://hellofriendbooks.com/wp-content/uploads/2024/09/Amz-10-Attractive-Colouring-Book-Inner-22.png,2,"Hello Friend Books Colour in Fun Water Colouring Pad: Exciting Water Colouring with Colouring Book, Water Colours and Paint Brush (Pink)",
hello-friend-books-colour-in-fun-water-colouring-pad-exciting-water-colouring-with-colouring-book-water-colours-and-paint-brush-pink,,,,,,,,,,,,,,,,,https://hellofriendbooks.com/wp-content/uploads/2024/09/Amz-10-Attractive-Colouring-Book-Inner-23.png,3,"Hello Friend Books Colour in Fun Water Colouring Pad: Exciting Water Colouring with Colouring Book, Water Colours and Paint Brush (Pink)",
hello-friend-books-colour-in-fun-water-colouring-pad-exciting-water-colouring-with-colouring-book-water-colours-and-paint-brush-pink,,,,,,,,,,,,,,,,,https://hellofriendbooks.com/wp-content/uploads/2024/09/Amz-10-Attractive-Colouring-Book-Inner-24.png,4,"Hello Friend Books Colour in Fun Water Colouring Pad: Exciting Water Colouring with Colouring Book, Water Colours and Paint Brush (Pink)",
hello-friend-books-colour-in-fun-water-colouring-pad-exciting-water-colouring-with-colouring-book-water-colours-and-paint-brush-pink,,,,,,,,,,,,,,,,,https://hellofriendbooks.com/wp-content/uploads/2024/09/Amz-10-Attractive-Colouring-Book-Back-COL019.png,5,"Hello Friend Books Colour in Fun Water Colouring Pad: Exciting Water Colouring with Colouring Book, Water Colours and Paint Brush (Pink)",
hello-friend-books-colour-in-fun-water-colouring-pad-exciting-water-colouring-with-colouring-book-water-colours-and-paint-brush-blue,"Hello Friend Books Colour in Fun Water Colouring Pad: Exciting Water Colouring with Colouring Book, Water Colours and Paint Brush (Blue)","<p>Dive into a world of creativity with the “Colour in Fun Water Colouring Pad.” This delightful kit offers an immersive watercolour experience, complete with a colouring book, watercolours, and a paintbrush, all in a charming shade of blue. Each page of the colouring book is specially designed to interact with water, revealing vibrant colours when painted over. With a variety of engaging illustrations to choose from, ranging from adorable animals to captivating landscapes, this pad sparks imagination and artistic exploration. Whether you’re a seasoned artist or just starting out, this watercolour pad provides endless hours of fun and artistic expression for all ages.</p>",,Books,"children-books, books, 1-3-years, 4-7-years, gender-neutral, stories, interactive-books, creative-books, activity-books, book-with-colours, girls, boys",TRUE,,,,,deny,manual,295.00,,TRUE,TRUE,https://hellofriendbooks.com/wp-content/uploads/2024/09/Amz-10-Attractive-Colouring-B-Book-Front-COL013.png,1,"Hello Friend Books Colour in Fun Water Colouring Pad: Exciting Water Colouring with Colouring Book, Water Colours and Paint Brush (Blue)",active
hello-friend-books-colour-in-fun-water-colouring-pad-exciting-water-colouring-with-colouring-book-water-colours-and-paint-brush-blue,,,,,,,,,,,,,,,,,https://hellofriendbooks.com/wp-content/uploads/2024/09/Amz-10-Attractive-Colouring-Book-Inner-1.png,2,"Hello Friend Books Colour in Fun Water Colouring Pad: Exciting Water Colouring with Colouring Book, Water Colours and Paint Brush (Blue)",
hello-friend-books-colour-in-fun-water-colouring-pad-exciting-water-colouring-with-colouring-book-water-colours-and-paint-brush-blue,,,,,,,,,,,,,,,,,https://hellofriendbooks.com/wp-content/uploads/2024/09/Amz-10-Attractive-Colouring-Book-Inner-2.png,3,"Hello Friend Books Colour in Fun Water Colouring Pad: Exciting Water Colouring with Colouring Book, Water Colours and Paint Brush (Blue)",
hello-friend-books-colour-in-fun-water-colouring-pad-exciting-water-colouring-with-colouring-book-water-colours-and-paint-brush-blue,,,,,,,,,,,,,,,,,https://hellofriendbooks.com/wp-content/uploads/2024/09/Amz-10-Attractive-Colouring-Book-Inner-3.png,4,"Hello Friend Books Colour in Fun Water Colouring Pad: Exciting Water Colouring with Colouring Book, Water Colours and Paint Brush (Blue)",
hello-friend-books-colour-in-fun-water-colouring-pad-exciting-water-colouring-with-colouring-book-water-colours-and-paint-brush-blue,,,,,,,,,,,,,,,,,https://hellofriendbooks.com/wp-content/uploads/2024/09/Amz-10-Attractive-Colouring-Book-Back-COL013.png,5,"Hello Friend Books Colour in Fun Water Colouring Pad: Exciting Water Colouring with Colouring Book, Water Colours and Paint Brush (Blue)",
hello-friend-books-colour-in-fun-water-colouring-pad-exciting-water-colouring-with-colouring-book-water-colours-and-paint-brush-green,"Hello Friend Books Colour in Fun Water Colouring Pad: Exciting Water Colouring with Colouring Book, Water Colours and Paint Brush (Green)","<p>Dive into a world of vibrant creativity with the “Colour in Fun Water Colouring Pad.” This engaging kit offers an immersive watercolour experience, featuring a colouring book, watercolours, and a paintbrush, all in a refreshing shade of green. Each page of the colouring book is specially designed to interact with water, revealing stunning colours when painted over. From charming animals to enchanting landscapes, the illustrations provide endless inspiration for artistic exploration. Whether you’re a budding artist or an experienced creator, this watercolour pad promises hours of imaginative fun and expression. Let your creativity flow as you bring these delightful scenes to life!</p>",,Books,"children-books, books, 1-3-years, 4-7-years, gender-neutral, stories, interactive-books, creative-books, activity-books, book-with-colours, girls, boys",TRUE,,,,,deny,manual,295.00,,TRUE,TRUE,https://hellofriendbooks.com/wp-content/uploads/2024/09/Amz-10-Attractive-Colouring-B-Book-Front-COL018.png,1,"Hello Friend Books Colour in Fun Water Colouring Pad: Exciting Water Colouring with Colouring Book, Water Colours and Paint Brush (Green)",active
hello-friend-books-colour-in-fun-water-colouring-pad-exciting-water-colouring-with-colouring-book-water-colours-and-paint-brush-green,,,,,,,,,,,,,,,,,https://hellofriendbooks.com/wp-content/uploads/2024/09/Amz-10-Attractive-Colouring-Book-Inner-11.png,2,"Hello Friend Books Colour in Fun Water Colouring Pad: Exciting Water Colouring with Colouring Book, Water Colours and Paint Brush (Green)",
hello-friend-books-colour-in-fun-water-colouring-pad-exciting-water-colouring-with-colouring-book-water-colours-and-paint-brush-green,,,,,,,,,,,,,,,,,https://hellofriendbooks.com/wp-content/uploads/2024/09/Amz-10-Attractive-Colouring-Book-Inner-12.png,3,"Hello Friend Books Colour in Fun Water Colouring Pad: Exciting Water Colouring with Colouring Book, Water Colours and Paint Brush (Green)",
hello-friend-books-colour-in-fun-water-colouring-pad-exciting-water-colouring-with-colouring-book-water-colours-and-paint-brush-green,,,,,,,,,,,,,,,,,https://hellofriendbooks.com/wp-content/uploads/2024/09/Amz-10-Attractive-Colouring-Book-Inner-13.png,4,"Hello Friend Books Colour in Fun Water Colouring Pad: Exciting Water Colouring with Colouring Book, Water Colours and Paint Brush (Green)",
hello-friend-books-colour-in-fun-water-colouring-pad-exciting-water-colouring-with-colouring-book-water-colours-and-paint-brush-green,,,,,,,,,,,,,,,,,https://hellofriendbooks.com/wp-content/uploads/2024/09/Amz-10-Attractive-Colouring-Book-Back-COL018.png,5,"Hello Friend Books Colour in Fun Water Colouring Pad: Exciting Water Colouring with Colouring Book, Water Colours and Paint Brush (Green)",
hello-friend-books-colouring-with-crayons-supergirl-colouring-book-with-12-attractive-crayon-colours,Hello Friend Books Colouring with Crayons: Supergirl – Colouring Book with 12 Attractive Crayon Colours,"<p>Embark on an exciting adventure with “Colouring with Crayons: Supergirl.” This captivating colouring book offers young artists the chance to unleash their creativity with 12 attractive crayon colours. Each page features empowering images of Supergirl in action, inspiring children to dream big and embrace their inner superhero. With its sturdy pages and vibrant illustrations, this book provides hours of entertainment and imaginative play. Whether it’s creating daring rescues or battling villains, children can immerse themselves in the thrilling world of Supergirl while honing their colouring skills. A fantastic choice for young superheroes and fans of action-packed adventures!</p>",,Books,"children-books, books, 1-3-years, 4-7-years, gender-neutral, stories, interactive-books, creative-books, activity-books, book-with-colours, crayons, girls",TRUE,,,,,deny,manual,295.00,,TRUE,TRUE,https://hellofriendbooks.com/wp-content/uploads/2024/09/Amz-09Supergirl-Colouring-B-Book-Kit-Front-COL-009.png,1,Hello Friend Books Colouring with Crayons: Supergirl – Colouring Book with 12 Attractive Crayon Colours,active
hello-friend-books-colouring-with-crayons-supergirl-colouring-book-with-12-attractive-crayon-colours,,,,,,,,,,,,,,,,,https://hellofriendbooks.com/wp-content/uploads/2024/09/Amz-09-Supergirl-Colouring-Book-Kit-Inner-2.png,2,Hello Friend Books Colouring with Crayons: Supergirl – Colouring Book with 12 Attractive Crayon Colours,
hello-friend-books-colouring-with-crayons-supergirl-colouring-book-with-12-attractive-crayon-colours,,,,,,,,,,,,,,,,,https://hellofriendbooks.com/wp-content/uploads/2024/09/Amz-09-Supergirl-Colouring-Book-Kit-Inner-3.png,3,Hello Friend Books Colouring with Crayons: Supergirl – Colouring Book with 12 Attractive Crayon Colours,
hello-friend-books-colouring-with-crayons-supergirl-colouring-book-with-12-attractive-crayon-colours,,,,,,,,,,,,,,,,,https://hellofriendbooks.com/wp-content/uploads/2024/09/Amz-09-Supergirl-Colouring-Book-Kit-Inner-COL-09.png,4,Hello Friend Books Colouring with Crayons: Supergirl – Colouring Book with 12 Attractive Crayon Colours,
hello-friend-books-colouring-with-crayons-supergirl-colouring-book-with-12-attractive-crayon-colours,,,,,,,,,,,,,,,,,https://hellofriendbooks.com/wp-content/uploads/2024/09/Amz-09-Supergirl-Colouring-Book-Back-COL-009.png,5,Hello Friend Books Colouring with Crayons: Supergirl – Colouring Book with 12 Attractive Crayon Colours,
hello-friend-books-colouring-with-crayons-superhero-colouring-book-with-12-attractive-crayon-colours,Hello Friend Books Colouring with Crayons: Superhero – Colouring Book with 12 Attractive Crayon Colours,"<p>Dive into the world of superheroes with “Colouring with Crayons: Superhero.” This dynamic colouring book offers young enthusiasts the opportunity to explore their imagination with 12 attractive crayon colours. Each page features iconic superheroes in action-packed scenes, inviting children to unleash their creativity and bring these characters to life. From thrilling battles to daring rescues, the vibrant illustrations inspire endless storytelling possibilities. With sturdy pages and bold designs, this book provides hours of entertainment and artistic expression. Whether it’s designing their own superhero or joining forces with familiar favourites, children can embark on exciting adventures with this engaging colouring book.</p>",,Books,"children-books, books, 1-3-years, 4-7-years, gender-neutral, stories, interactive-books, creative-books, activity-books, book-with-colours, crayons, girls, boys",TRUE,,,,,deny,manual,295.00,,TRUE,TRUE,https://hellofriendbooks.com/wp-content/uploads/2024/09/Amz-09-Superhero-Colouring-B-Book-Kit-Front-COL-010.png,1,Hello Friend Books Colouring with Crayons: Superhero – Colouring Book with 12 Attractive Crayon Colours,active
hello-friend-books-colouring-with-crayons-superhero-colouring-book-with-12-attractive-crayon-colours,,,,,,,,,,,,,,,,,https://hellofriendbooks.com/wp-content/uploads/2024/09/Amz-09-Superhero-Colouring-Book-Kit-Inner-2.png,2,Hello Friend Books Colouring with Crayons: Superhero – Colouring Book with 12 Attractive Crayon Colours,
hello-friend-books-colouring-with-crayons-superhero-colouring-book-with-12-attractive-crayon-colours,,,,,,,,,,,,,,,,,https://hellofriendbooks.com/wp-content/uploads/2024/09/Amz-09-Superhero-Colouring-Book-Kit-Inner-3.png,3,Hello Friend Books Colouring with Crayons: Superhero – Colouring Book with 12 Attractive Crayon Colours,
hello-friend-books-colouring-with-crayons-superhero-colouring-book-with-12-attractive-crayon-colours,,,,,,,,,,,,,,,,,https://hellofriendbooks.com/wp-content/uploads/2024/09/Amz-09-Superhero-Colouring-Book-Kit-Inner-COL-010.png,4,Hello Friend Books Colouring with Crayons: Superhero – Colouring Book with 12 Attractive Crayon Colours,
hello-friend-books-colouring-with-crayons-superhero-colouring-book-with-12-attractive-crayon-colours,,,,,,,,,,,,,,,,,https://hellofriendbooks.com/wp-content/uploads/2024/09/Amz-09-Superhero-Colouring-Book-Back-COL-010.png,5,Hello Friend Books Colouring with Crayons: Superhero – Colouring Book with 12 Attractive Crayon Colours,
hello-friend-books-colour-in-fun-water-colouring-pad-exciting-water-colouring-with-colouring-book-water-colours-and-paint-brush-purple,"Hello Friend Books Colour in Fun Water Colouring Pad: Exciting Water Colouring with Colouring Book, Water Colours and Paint Brush (Purple)","<p>Dive into a world of creativity with the “Colour in Fun Water Colouring Pad” in a vibrant shade of purple. This captivating set features a colouring book, watercolours, and a paintbrush, offering an immersive watercolour experience. Each page of the colouring book is designed to react to water, revealing beautiful hues when painted over. With enchanting illustrations ranging from whimsical creatures to scenic landscapes, there’s no limit to the imaginative exploration this kit provides. Whether you’re a budding artist or an experienced creator, this watercolour pad promises hours of entertainment and artistic expression. Let your imagination flow as you bring these delightful designs to life!</p>",,Books,"children-books, books, 1-3-years, 4-7-years, gender-neutral, stories, interactive-books, creative-books, activity-books, book-with-colours, girls, boys",TRUE,,,,,deny,manual,295.00,,TRUE,TRUE,https://hellofriendbooks.com/wp-content/uploads/2024/09/AMZ-93-Color-in-Fun-Front-COL-023.png,1,"Hello Friend Books Colour in Fun Water Colouring Pad: Exciting Water Colouring with Colouring Book, Water Colours and Paint Brush (Purple)",active
hello-friend-books-colour-in-fun-water-colouring-pad-exciting-water-colouring-with-colouring-book-water-colours-and-paint-brush-purple,,,,,,,,,,,,,,,,,https://hellofriendbooks.com/wp-content/uploads/2024/09/AMZ-93-Color-in-Fun-Inner-COL-023.png,2,"Hello Friend Books Colour in Fun Water Colouring Pad: Exciting Water Colouring with Colouring Book, Water Colours and Paint Brush (Purple)",
hello-friend-books-colour-in-fun-water-colouring-pad-exciting-water-colouring-with-colouring-book-water-colours-and-paint-brush-purple,,,,,,,,,,,,,,,,,https://hellofriendbooks.com/wp-content/uploads/2024/09/AMZ-93-Color-in-Fun-Inner1-COL-023.png,3,"Hello Friend Books Colour in Fun Water Colouring Pad: Exciting Water Colouring with Colouring Book, Water Colours and Paint Brush (Purple)",
hello-friend-books-colour-in-fun-water-colouring-pad-exciting-water-colouring-with-colouring-book-water-colours-and-paint-brush-purple,,,,,,,,,,,,,,,,,https://hellofriendbooks.com/wp-content/uploads/2024/09/AMZ-93-Color-in-Fun-Back-COL-023.png,4,"Hello Friend Books Colour in Fun Water Colouring Pad: Exciting Water Colouring with Colouring Book, Water Colours and Paint Brush (Purple)",
hello-friend-books-my-suitcase-activity-bag-dinosaurs-complete-activity-case-with-colouring-books-activity-book-and-sticker-book-great-for-gifts-and-travel,"Hello Friend Books My Suitcase Activity Bag Dinosaurs:  – Complete Activity Case with Colouring Books, Activity Book and Sticker Book, Great for Gifts and Travel","<p>Introducing “My Suitcase Activity Bag: Dinosaurs,” a thrilling activity case packed with entertainment for young paleontologists. This comprehensive kit includes coloring books, activity books, and a sticker book, promising hours of prehistoric fun. Perfect for travel or as a gift, it’s equipped with engaging dinosaur-themed designs to spark curiosity and creativity. The activities not only entertain but also encourage fine motor skills and cognitive development. With its durable design and convenient carry handle, this activity bag ensures endless entertainment on-the-go. Inspire a love for learning and adventure with “My Suitcase Activity Bag: Dinosaurs,” the perfect companion for budding fossil hunters.</p>",,Books,"children-books, books, 1-3-years, 4-7-years, gender-neutral, stories, interactive-books, creative-books, activity-books, book-with-colours, sticker-book, girls, boys",TRUE,,,,,deny,manual,195.00,,TRUE,TRUE,https://hellofriendbooks.com/wp-content/uploads/2024/09/AMZ-01-My-First-Dino-Kit-FrontB-ACT-1.png,1,"Hello Friend Books My Suitcase Activity Bag Dinosaurs:  – Complete Activity Case with Colouring Books, Activity Book and Sticker Book, Great for Gifts and Travel",active
hello-friend-books-my-suitcase-activity-bag-dinosaurs-complete-activity-case-with-colouring-books-activity-book-and-sticker-book-great-for-gifts-and-travel,,,,,,,,,,,,,,,,,https://hellofriendbooks.com/wp-content/uploads/2024/09/AMZ-01-My-First-Dino-Kit-Inside-ACT.png,2,"Hello Friend Books My Suitcase Activity Bag Dinosaurs:  – Complete Activity Case with Colouring Books, Activity Book and Sticker Book, Great for Gifts and Travel",
hello-friend-books-my-suitcase-activity-bag-dinosaurs-complete-activity-case-with-colouring-books-activity-book-and-sticker-book-great-for-gifts-and-travel,,,,,,,,,,,,,,,,,https://hellofriendbooks.com/wp-content/uploads/2024/09/AMZ-01-My-First-Dino-Sticker-Inner-ACT.png,3,"Hello Friend Books My Suitcase Activity Bag Dinosaurs:  – Complete Activity Case with Colouring Books, Activity Book and Sticker Book, Great for Gifts and Travel",
hello-friend-books-my-suitcase-activity-bag-dinosaurs-complete-activity-case-with-colouring-books-activity-book-and-sticker-book-great-for-gifts-and-travel,,,,,,,,,,,,,,,,,https://hellofriendbooks.com/wp-content/uploads/2024/09/AMZ-01-My-First-Dino-Colouring-Inner-ACT.png,4,"Hello Friend Books My Suitcase Activity Bag Dinosaurs:  – Complete Activity Case with Colouring Books, Activity Book and Sticker Book, Great for Gifts and Travel",
hello-friend-books-my-suitcase-activity-bag-dinosaurs-complete-activity-case-with-colouring-books-activity-book-and-sticker-book-great-for-gifts-and-travel,,,,,,,,,,,,,,,,,https://hellofriendbooks.com/wp-content/uploads/2024/09/AMZ-01-My-First-Dino-Kit-Back-ACT.png,5,"Hello Friend Books My Suitcase Activity Bag Dinosaurs:  – Complete Activity Case with Colouring Books, Activity Book and Sticker Book, Great for Gifts and Travel",
hello-friend-books-travel-art-kit-animals-art-kit-with-2-colouring-pads-and-12-colour-pencils-for-kids-on-the-go,Hello Friend Books Travel Art Kit: Animals – Art Kit with 2 Colouring Pads and 12 Colour Pencils for Kids on the Go,"<p>Embark on a wild adventure with the Travel Art Kit: Animals. This portable set is tailored for young explorers on the move, featuring two compact coloring pads and a vibrant array of 12 color pencils. Whether on a road trip, in an airplane, or simply out and about, children can immerse themselves in the captivating world of animals and unleash their creativity. With its convenient size and variety of colors, this kit encourages artistic expression and provides endless entertainment while promoting concentration and fine motor skills. Ideal for gifting or travel, it ensures that artistic inspiration is always within reach for young adventurers.</p>",,Books,"children-books, books, 1-3-years, 4-7-years, gender-neutral, stories, interactive-books, creative-books, activity-books, book-with-colours, sticker-book, travel-size, girls, boys",TRUE,,,,,deny,manual,195.00,,TRUE,TRUE,https://hellofriendbooks.com/wp-content/uploads/2024/09/Amz-08-Animals-Colouring-Kit-Front-B-COL007.png,1,Hello Friend Books Travel Art Kit: Animals – Art Kit with 2 Colouring Pads and 12 Colour Pencils for Kids on the Go,active
hello-friend-books-travel-art-kit-animals-art-kit-with-2-colouring-pads-and-12-colour-pencils-for-kids-on-the-go,,,,,,,,,,,,,,,,,https://hellofriendbooks.com/wp-content/uploads/2024/09/Amz-08-Animals-Activity-Pad-Inner-COL007.png,2,Hello Friend Books Travel Art Kit: Animals – Art Kit with 2 Colouring Pads and 12 Colour Pencils for Kids on the Go,
hello-friend-books-travel-art-kit-animals-art-kit-with-2-colouring-pads-and-12-colour-pencils-for-kids-on-the-go,,,,,,,,,,,,,,,,,https://hellofriendbooks.com/wp-content/uploads/2024/09/Amz-08-Animals-Colouring-Pad-Inner-COL007.png,3,Hello Friend Books Travel Art Kit: Animals – Art Kit with 2 Colouring Pads and 12 Colour Pencils for Kids on the Go,
hello-friend-books-travel-art-kit-animals-art-kit-with-2-colouring-pads-and-12-colour-pencils-for-kids-on-the-go,,,,,,,,,,,,,,,,,https://hellofriendbooks.com/wp-content/uploads/2024/09/Amz-08-Animals-Colouring-Kit-Insidre-COL007.png,4,Hello Friend Books Travel Art Kit: Animals – Art Kit with 2 Colouring Pads and 12 Colour Pencils for Kids on the Go,
hello-friend-books-travel-art-kit-animals-art-kit-with-2-colouring-pads-and-12-colour-pencils-for-kids-on-the-go,,,,,,,,,,,,,,,,,https://hellofriendbooks.com/wp-content/uploads/2024/09/Amz-08-Animals-Colouring-Kit-Back-COL007.png,5,Hello Friend Books Travel Art Kit: Animals – Art Kit with 2 Colouring Pads and 12 Colour Pencils for Kids on the Go,
hello-friend-books-glitter-colouring-pet-animals-easy-colouring-with-thick-glitter-lines-and-colour-guide-tear-and-frame-your-art-work,"Hello Friend Books Glitter Colouring: Pet Animals – Easy Colouring with Thick Glitter Lines and Colour Guide, Tear and Frame your Art work.","<p>Unleash your creativity with Glitter Colouring: Pet Animals, a delightful coloring experience designed for all ages. Featuring thick glitter lines and a handy color guide, this coloring book makes it easy to add sparkle and shine to adorable pet animals. Each page offers a stress-free coloring experience, allowing you to explore your artistic side with ease. Once your masterpiece is complete, simply tear it out and frame it to showcase your artwork. With its charming designs and glittery accents, Glitter Colouring: Pet Animals is the perfect way to add a touch of magic to your coloring adventures.</p>",,Books,"children-books, books, 1-3-years, 4-7-years, gender-neutral, stories, interactive-books, creative-books, activity-books, colouring-book, girls, boys",TRUE,,,,,deny,manual,295.00,,TRUE,TRUE,https://hellofriendbooks.com/wp-content/uploads/2024/09/Amz-17-Glitter-Board-Front-B-COL-016.png,1,"Hello Friend Books Glitter Colouring: Pet Animals – Easy Colouring with Thick Glitter Lines and Colour Guide, Tear and Frame your Art work.",active
hello-friend-books-glitter-colouring-pet-animals-easy-colouring-with-thick-glitter-lines-and-colour-guide-tear-and-frame-your-art-work,,,,,,,,,,,,,,,,,https://hellofriendbooks.com/wp-content/uploads/2024/09/Amz-17-Glitter-effect-COL-016.png,2,"Hello Friend Books Glitter Colouring: Pet Animals – Easy Colouring with Thick Glitter Lines and Colour Guide, Tear and Frame your Art work.",
hello-friend-books-glitter-colouring-pet-animals-easy-colouring-with-thick-glitter-lines-and-colour-guide-tear-and-frame-your-art-work,,,,,,,,,,,,,,,,,https://hellofriendbooks.com/wp-content/uploads/2024/09/Amz-17-Glitter-Board-Inner-pages-COL-016.png,3,"Hello Friend Books Glitter Colouring: Pet Animals – Easy Colouring with Thick Glitter Lines and Colour Guide, Tear and Frame your Art work.",
hello-friend-books-glitter-colouring-pet-animals-easy-colouring-with-thick-glitter-lines-and-colour-guide-tear-and-frame-your-art-work,,,,,,,,,,,,,,,,,https://hellofriendbooks.com/wp-content/uploads/2024/09/Amz-17-Glitter-Board-Back-COL-016.png,4,"Hello Friend Books Glitter Colouring: Pet Animals – Easy Colouring with Thick Glitter Lines and Colour Guide, Tear and Frame your Art work.",
hello-friend-books-unicorn-anti-stress-colouring-pack-art-kit-with-neon-pens-glitter-tubes-and-colouring-sheets-to-relax-the-mind,"Hello Friend Books Unicorn Anti Stress Colouring Pack: Art Kit with Neon Pens, Glitter Tubes and Colouring Sheets to Relax the Mind","<p>Indulge in a world of enchantment and tranquility with the Unicorn Anti-Stress Colouring Pack. This art kit is designed to whisk you away on a journey of relaxation and creativity. With a selection of vibrant neon pens and shimmering glitter tubes, you can add a touch of magic to the intricately designed colouring sheets. As you immerse yourself in the therapeutic act of colouring, feel the stress melt away and be replaced with a sense of calm and serenity. Let the whimsical world of unicorns transport you to a place of peace and rejuvenation, making it the perfect escape for busy minds.</p>",,Books,"children-books, books, 1-3-years, 4-7-years, girls, stories, interactive-books, creative-books, activity-books, coloring-book, book-with-colours",TRUE,,,,,deny,manual,295.00,,TRUE,TRUE,https://hellofriendbooks.com/wp-content/uploads/2024/09/Amz-012-Unicorn-COlouring-Kit-B-Front-NOV-002.png,1,"Hello Friend Books Unicorn Anti Stress Colouring Pack: Art Kit with Neon Pens, Glitter Tubes and Colouring Sheets to Relax the Mind",active
hello-friend-books-unicorn-anti-stress-colouring-pack-art-kit-with-neon-pens-glitter-tubes-and-colouring-sheets-to-relax-the-mind,,,,,,,,,,,,,,,,,https://hellofriendbooks.com/wp-content/uploads/2024/09/Amz-012-Commen.png,2,"Hello Friend Books Unicorn Anti Stress Colouring Pack: Art Kit with Neon Pens, Glitter Tubes and Colouring Sheets to Relax the Mind",
hello-friend-books-unicorn-anti-stress-colouring-pack-art-kit-with-neon-pens-glitter-tubes-and-colouring-sheets-to-relax-the-mind,,,,,,,,,,,,,,,,,https://hellofriendbooks.com/wp-content/uploads/2024/09/Amz-012-Unicron-COlouring-Kit-Inside-NOV-002.png,3,"Hello Friend Books Unicorn Anti Stress Colouring Pack: Art Kit with Neon Pens, Glitter Tubes and Colouring Sheets to Relax the Mind",
hello-friend-books-unicorn-anti-stress-colouring-pack-art-kit-with-neon-pens-glitter-tubes-and-colouring-sheets-to-relax-the-mind,,,,,,,,,,,,,,,,,https://hellofriendbooks.com/wp-content/uploads/2024/09/Amz-012-Unicorn-COlouring-Kit-Inner-NOV-002.png,4,"Hello Friend Books Unicorn Anti Stress Colouring Pack: Art Kit with Neon Pens, Glitter Tubes and Colouring Sheets to Relax the Mind",
hello-friend-books-unicorn-anti-stress-colouring-pack-art-kit-with-neon-pens-glitter-tubes-and-colouring-sheets-to-relax-the-mind,,,,,,,,,,,,,,,,,https://hellofriendbooks.com/wp-content/uploads/2024/09/Amz-012-Unicorns-COlouring-Kit-Back-NOV-002.png,5,"Hello Friend Books Unicorn Anti Stress Colouring Pack: Art Kit with Neon Pens, Glitter Tubes and Colouring Sheets to Relax the Mind",
hello-friend-books-travel-art-kit-princess-art-kit-with-2-colouring-pads-and-12-colour-pencils-for-kids-on-the-go,Hello Friend Books Travel Art Kit: Princess – Art Kit with 2 Colouring Pads and 12 Colour Pencils for Kids on the Go,"<p>Embark on creative adventures with the Travel Art Kit: Princess. This portable set is designed for young artists on the move, featuring two compact coloring pads and a vibrant assortment of 12 color pencils. Whether in the car, on a plane, or simply out and about, children can unleash their imagination and bring enchanting princess scenes to life. With its convenient size and variety of colors, this kit encourages artistic expression and provides endless entertainment while fostering concentration and fine motor skills. Perfect for gifting or travel, it ensures that artistic inspiration is always at hand for aspiring young creators.</p>",,Books,"children-books, books, 1-3-years, 4-7-years, girls, stories, interactive-books, creative-books, activity-books, coloring-book, book-with-colours, travel-size",TRUE,,,,,deny,manual,195.00,,TRUE,TRUE,https://hellofriendbooks.com/wp-content/uploads/2024/09/Amz-08-Princess-Colouring-Kit-Front-B-COL006.png,1,Hello Friend Books Travel Art Kit: Princess – Art Kit with 2 Colouring Pads and 12 Colour Pencils for Kids on the Go,active
hello-friend-books-travel-art-kit-princess-art-kit-with-2-colouring-pads-and-12-colour-pencils-for-kids-on-the-go,,,,,,,,,,,,,,,,,https://hellofriendbooks.com/wp-content/uploads/2024/09/Amz-08-Princess-Activity-Pad-Inner-COL006.png,2,Hello Friend Books Travel Art Kit: Princess – Art Kit with 2 Colouring Pads and 12 Colour Pencils for Kids on the Go,
hello-friend-books-travel-art-kit-princess-art-kit-with-2-colouring-pads-and-12-colour-pencils-for-kids-on-the-go,,,,,,,,,,,,,,,,,https://hellofriendbooks.com/wp-content/uploads/2024/09/Amz-08-Princess-Colouring-Pad-Inner-COL006.png,3,Hello Friend Books Travel Art Kit: Princess – Art Kit with 2 Colouring Pads and 12 Colour Pencils for Kids on the Go,
hello-friend-books-travel-art-kit-princess-art-kit-with-2-colouring-pads-and-12-colour-pencils-for-kids-on-the-go,,,,,,,,,,,,,,,,,https://hellofriendbooks.com/wp-content/uploads/2024/09/Amz-08-Princess-Colouring-Kit-Insidre-COL006.png,4,Hello Friend Books Travel Art Kit: Princess – Art Kit with 2 Colouring Pads and 12 Colour Pencils for Kids on the Go,
hello-friend-books-travel-art-kit-princess-art-kit-with-2-colouring-pads-and-12-colour-pencils-for-kids-on-the-go,,,,,,,,,,,,,,,,,https://hellofriendbooks.com/wp-content/uploads/2024/09/Amz-08-Princess-Colouring-Kit-Back-COL006.png,5,Hello Friend Books Travel Art Kit: Princess – Art Kit with 2 Colouring Pads and 12 Colour Pencils for Kids on the Go,
hello-friend-books-fashion-forever-art-kit-colour-your-own-fashion-figures-dresses-hairstyles-and-more-colouring-art-kit-with-30-coloured-pencils-and-creative-artwork,"Hello Friend Books Fashion Forever Art Kit: Colour Your Own Fashion Figures, Dresses, Hairstyles and More –  Colouring Art Kit with 30 Coloured Pencils and Creative Artwork","<p>Unleash your inner fashion designer with the Fashion Forever Art Kit. Dive into a world of style and creativity as you color your own fashion figures, dresses, hairstyles, and more. With 30 vibrant colored pencils at your disposal, bring your wildest fashion fantasies to life on the creative artwork provided. Whether you’re sketching the latest runway trends or designing your dream wardrobe, this kit offers endless possibilities for artistic expression. Let your imagination soar as you mix and match colors, patterns, and styles to create unique and fabulous looks that are truly one-of-a-kind. Step into the world of fashion and make it your own!</p>",,Books,"children-books, books, 1-3-years, 4-7-years, 8+-years, stories, interactive-books, creative-books, activity-books, coloring-book, book-with-colours, fashion-art-kit, girls",TRUE,,,,,deny,manual,295.00,,TRUE,TRUE,https://hellofriendbooks.com/wp-content/uploads/2024/09/Amz-013-Fashion-Colouring-Kit-B-GAF001-Front.png,1,"Hello Friend Books Fashion Forever Art Kit: Colour Your Own Fashion Figures, Dresses, Hairstyles and More –  Colouring Art Kit with 30 Coloured Pencils and Creative Artwork",active
hello-friend-books-fashion-forever-art-kit-colour-your-own-fashion-figures-dresses-hairstyles-and-more-colouring-art-kit-with-30-coloured-pencils-and-creative-artwork,,,,,,,,,,,,,,,,,https://hellofriendbooks.com/wp-content/uploads/2024/09/Amz-013-Common.png,2,"Hello Friend Books Fashion Forever Art Kit: Colour Your Own Fashion Figures, Dresses, Hairstyles and More –  Colouring Art Kit with 30 Coloured Pencils and Creative Artwork",
hello-friend-books-fashion-forever-art-kit-colour-your-own-fashion-figures-dresses-hairstyles-and-more-colouring-art-kit-with-30-coloured-pencils-and-creative-artwork,,,,,,,,,,,,,,,,,https://hellofriendbooks.com/wp-content/uploads/2024/09/Amz-013-Fashion-Colouring-Kit-GAF001-Pad-Inner.png,3,"Hello Friend Books Fashion Forever Art Kit: Colour Your Own Fashion Figures, Dresses, Hairstyles and More –  Colouring Art Kit with 30 Coloured Pencils and Creative Artwork",
hello-friend-books-fashion-forever-art-kit-colour-your-own-fashion-figures-dresses-hairstyles-and-more-colouring-art-kit-with-30-coloured-pencils-and-creative-artwork,,,,,,,,,,,,,,,,,https://hellofriendbooks.com/wp-content/uploads/2024/09/Amz-013-Fashion-Colouring-Kit-GAF001-Inside.png,4,"Hello Friend Books Fashion Forever Art Kit: Colour Your Own Fashion Figures, Dresses, Hairstyles and More –  Colouring Art Kit with 30 Coloured Pencils and Creative Artwork",
hello-friend-books-fashion-forever-art-kit-colour-your-own-fashion-figures-dresses-hairstyles-and-more-colouring-art-kit-with-30-coloured-pencils-and-creative-artwork,,,,,,,,,,,,,,,,,https://hellofriendbooks.com/wp-content/uploads/2024/09/Amz-013-Fashion-Colouring-Kit-GAF001-Back.png,5,"Hello Friend Books Fashion Forever Art Kit: Colour Your Own Fashion Figures, Dresses, Hairstyles and More –  Colouring Art Kit with 30 Coloured Pencils and Creative Artwork",
hello-friend-books-creative-art-colouring-kit-barnyard-friends-art-kit-with-8-colour-pencils-eraser-and-colouring-book,"Hello Friend Books Creative Art Colouring Kit: Barnyard Friends – Art Kit with 8 Colour Pencils, Eraser and Colouring Book","<p>Embark on a colorful journey with the Creative Art Colouring Kit: Barnyard Friends! This delightful kit brings the charm of the farm to life with 8 vibrant color pencils, an eraser, and a captivating coloring book filled with adorable barnyard scenes. From cheerful chickens to playful pigs, children will delight in bringing these lovable characters to life with their creative flair. Perfect for budding artists, this kit inspires imagination, encourages fine motor skills, and provides hours of artistic enjoyment. Whether at home or on the go, the Barnyard Friends Art Kit promises endless fun and creative expression for children of all ages.</p>",,Books,"children-books, books, 1-3-years, 4-7-years, gender-neutral, stories, interactive-books, creative-books, activity-books, coloring-book, book-with-colours, travel-size, girls",TRUE,,,,,deny,manual,195.00,,TRUE,TRUE,https://hellofriendbooks.com/wp-content/uploads/2024/09/Amz-05-Unicorn-Colouring-Kit-Front-B-COL-002-min.png,1,"Hello Friend Books Creative Art Colouring Kit: Barnyard Friends – Art Kit with 8 Colour Pencils, Eraser and Colouring Book",active
hello-friend-books-creative-art-colouring-kit-barnyard-friends-art-kit-with-8-colour-pencils-eraser-and-colouring-book,,,,,,,,,,,,,,,,,https://hellofriendbooks.com/wp-content/uploads/2024/09/Amz-005-Common-min.png,2,"Hello Friend Books Creative Art Colouring Kit: Barnyard Friends – Art Kit with 8 Colour Pencils, Eraser and Colouring Book",
hello-friend-books-creative-art-colouring-kit-barnyard-friends-art-kit-with-8-colour-pencils-eraser-and-colouring-book,,,,,,,,,,,,,,,,,https://hellofriendbooks.com/wp-content/uploads/2024/09/Amz-05-Unicorn-Colouring-Kit-Inner-COL-002-min.png,3,"Hello Friend Books Creative Art Colouring Kit: Barnyard Friends – Art Kit with 8 Colour Pencils, Eraser and Colouring Book",
hello-friend-books-creative-art-colouring-kit-barnyard-friends-art-kit-with-8-colour-pencils-eraser-and-colouring-book,,,,,,,,,,,,,,,,,https://hellofriendbooks.com/wp-content/uploads/2024/09/Amz-05-Unicorn-Colouring-Kit-Inside-COL-002-min.png,4,"Hello Friend Books Creative Art Colouring Kit: Barnyard Friends – Art Kit with 8 Colour Pencils, Eraser and Colouring Book",
hello-friend-books-creative-art-colouring-kit-barnyard-friends-art-kit-with-8-colour-pencils-eraser-and-colouring-book,,,,,,,,,,,,,,,,,https://hellofriendbooks.com/wp-content/uploads/2024/09/Amz-05-Unicorn-Colouring-Kit-Back-COL-002-min.png,5,"Hello Friend Books Creative Art Colouring Kit: Barnyard Friends – Art Kit with 8 Colour Pencils, Eraser and Colouring Book",
hello-friend-books-my-first-guitar-sound-book-for-kids-a-board-book-with-5-spreads-and-7-animals-sounds-4-years,"Hello Friend Books My First Guitar Sound Book for Kids: A Board Book with 5 Spreads and 7 Animals Sounds, +4 Years","<p>Immerse yourself in an auditory adventure with a sound book. Each page comes alive with vibrant narration, music, and sound effects, enhancing the story or educational content. Whether it’s a children’s tale, a nature guide, or a musical journey, let the sounds captivate and enrich your reading experience.</p>",,Books,"children-books, books, 1-3-years, 4-7-years, gender-neutral, interactive-books, creative-books, hard-cut, story-books, music-books, audio-books, sound-books, guitar",TRUE,,,,,deny,manual,295.00,,TRUE,TRUE,https://hellofriendbooks.com/wp-content/uploads/2024/09/AMZ-28-Guitar-book-B-Front-SOB-007.png,1,"Hello Friend Books My First Guitar Sound Book for Kids: A Board Book with 5 Spreads and 7 Animals Sounds, +4 Years",active
hello-friend-books-my-first-guitar-sound-book-for-kids-a-board-book-with-5-spreads-and-7-animals-sounds-4-years,,,,,,,,,,,,,,,,,https://hellofriendbooks.com/wp-content/uploads/2024/09/AMZ-28-Guitar-book-Guitar-SOB-007.png,2,"Hello Friend Books My First Guitar Sound Book for Kids: A Board Book with 5 Spreads and 7 Animals Sounds, +4 Years",
hello-friend-books-my-first-guitar-sound-book-for-kids-a-board-book-with-5-spreads-and-7-animals-sounds-4-years,,,,,,,,,,,,,,,,,https://hellofriendbooks.com/wp-content/uploads/2024/09/AMZ-28-Guitar-book-Guitar-Inner-SOB-007-2.png,3,"Hello Friend Books My First Guitar Sound Book for Kids: A Board Book with 5 Spreads and 7 Animals Sounds, +4 Years",
hello-friend-books-my-first-guitar-sound-book-for-kids-a-board-book-with-5-spreads-and-7-animals-sounds-4-years,,,,,,,,,,,,,,,,,https://hellofriendbooks.com/wp-content/uploads/2024/09/AMZ-28-Guitar-book-Guitar-Inner-SOB-007.png,4,"Hello Friend Books My First Guitar Sound Book for Kids: A Board Book with 5 Spreads and 7 Animals Sounds, +4 Years",
hello-friend-books-my-first-guitar-sound-book-for-kids-a-board-book-with-5-spreads-and-7-animals-sounds-4-years,,,,,,,,,,,,,,,,,https://hellofriendbooks.com/wp-content/uploads/2024/09/AMZ-28-Guitar-book-Back-SOB-007.png,5,"Hello Friend Books My First Guitar Sound Book for Kids: A Board Book with 5 Spreads and 7 Animals Sounds, +4 Years",
hello-friend-books-mobile-sound-book-in-the-farm-sound-board-book-with-mobile-sound-gadget-with-12-different-animal-sounds,Hello Friend Books Mobile Sound Book: In the Farm – Sound Board Book with Mobile Sound Gadget with 12 Different Animal Sounds,"<p>Immerse yourself in an auditory adventure with a sound book. Each page comes alive with vibrant narration, music, and sound effects, enhancing the story or educational content. Whether it’s a children’s tale, a nature guide, or a musical journey, let the sounds captivate and enrich your reading experience.</p>",,Books,"children-books, books, 1-3-years, 4-7-years, gender-neutral, interactive-books, creative-books, hard-cut, story-books, music-books, audio-books, sound-books, book-with-phone",TRUE,,,,,deny,manual,295.00,,TRUE,TRUE,https://hellofriendbooks.com/wp-content/uploads/2024/09/Amz-27-Farm-Colouring-Kit-B-Front-SOB-005-1.png,1,Hello Friend Books Mobile Sound Book: In the Farm – Sound Board Book with Mobile Sound Gadget with 12 Different Animal Sounds,active
hello-friend-books-mobile-sound-book-in-the-farm-sound-board-book-with-mobile-sound-gadget-with-12-different-animal-sounds,,,,,,,,,,,,,,,,,https://hellofriendbooks.com/wp-content/uploads/2024/09/Amz-27-Farm-Colouring-Kit-Inside-SOB-005.png,2,Hello Friend Books Mobile Sound Book: In the Farm – Sound Board Book with Mobile Sound Gadget with 12 Different Animal Sounds,
hello-friend-books-mobile-sound-book-in-the-farm-sound-board-book-with-mobile-sound-gadget-with-12-different-animal-sounds,,,,,,,,,,,,,,,,,https://hellofriendbooks.com/wp-content/uploads/2024/09/Amz-27-Farm-Colouring-Kit-Sound-Gadget-Common.png,3,Hello Friend Books Mobile Sound Book: In the Farm – Sound Board Book with Mobile Sound Gadget with 12 Different Animal Sounds,
hello-friend-books-mobile-sound-book-in-the-farm-sound-board-book-with-mobile-sound-gadget-with-12-different-animal-sounds,,,,,,,,,,,,,,,,,https://hellofriendbooks.com/wp-content/uploads/2024/09/Amz-27-Farm-Colouring-Kit-Inner-SOB-005.png,4,Hello Friend Books Mobile Sound Book: In the Farm – Sound Board Book with Mobile Sound Gadget with 12 Different Animal Sounds,
hello-friend-books-mobile-sound-book-in-the-farm-sound-board-book-with-mobile-sound-gadget-with-12-different-animal-sounds,,,,,,,,,,,,,,,,,https://hellofriendbooks.com/wp-content/uploads/2024/09/Amz-27-Farm-Colouring-Kit-B-Back-SOB-005.png,5,Hello Friend Books Mobile Sound Book: In the Farm – Sound Board Book with Mobile Sound Gadget with 12 Different Animal Sounds,
hello-friend-books-write-and-wipe-sound-book-my-noisy-numbers-sound-book-with-30-musical-clicks-and-wipe-and-clean-pen,Hello Friend Books Write and Wipe Sound Book: My Noisy Numbers – Sound Book with 30 Musical Clicks and Wipe and Clean Pen,"<p>Immerse yourself in an auditory adventure with a sound book. Each page comes alive with vibrant narration, music, and sound effects, enhancing the story or educational content. Whether it’s a children’s tale, a nature guide, or a musical journey, let the sounds captivate and enrich your reading experience.</p>",,Books,"children-books, books, 1-3-years, 4-7-years, gender-neutral, interactive-books, creative-books, hard-cut, story-books, music-books, audio-books, sound-books",TRUE,,,,,deny,manual,295.00,,TRUE,TRUE,https://hellofriendbooks.com/wp-content/uploads/2024/09/AMZ-29-30-Click-sound-B-Front-SOB-009.png,1,Hello Friend Books Write and Wipe Sound Book: My Noisy Numbers – Sound Book with 30 Musical Clicks and Wipe and Clean Pen,active
hello-friend-books-write-and-wipe-sound-book-my-noisy-numbers-sound-book-with-30-musical-clicks-and-wipe-and-clean-pen,,,,,,,,,,,,,,,,,https://hellofriendbooks.com/wp-content/uploads/2024/09/Amz-29-Wipe-N-Clean-Pen-Common-1.png,2,Hello Friend Books Write and Wipe Sound Book: My Noisy Numbers – Sound Book with 30 Musical Clicks and Wipe and Clean Pen,
hello-friend-books-write-and-wipe-sound-book-my-noisy-numbers-sound-book-with-30-musical-clicks-and-wipe-and-clean-pen,,,,,,,,,,,,,,,,,https://hellofriendbooks.com/wp-content/uploads/2024/09/AMZ-29-30-Click-sound-Inner-SOB-009.png,3,Hello Friend Books Write and Wipe Sound Book: My Noisy Numbers – Sound Book with 30 Musical Clicks and Wipe and Clean Pen,
hello-friend-books-write-and-wipe-sound-book-my-noisy-numbers-sound-book-with-30-musical-clicks-and-wipe-and-clean-pen,,,,,,,,,,,,,,,,,https://hellofriendbooks.com/wp-content/uploads/2024/09/AMZ-29-30-Click-sound-Inside-SOB-009.png,4,Hello Friend Books Write and Wipe Sound Book: My Noisy Numbers – Sound Book with 30 Musical Clicks and Wipe and Clean Pen,
hello-friend-books-write-and-wipe-sound-book-my-noisy-numbers-sound-book-with-30-musical-clicks-and-wipe-and-clean-pen,,,,,,,,,,,,,,,,,https://hellofriendbooks.com/wp-content/uploads/2024/09/AMZ-29-30-Click-sound-Back-SOB-009.png,5,Hello Friend Books Write and Wipe Sound Book: My Noisy Numbers – Sound Book with 30 Musical Clicks and Wipe and Clean Pen,
hello-friend-books-colouring-and-sticker-travel-art-kit-princess-beautiful-colouring-kit-with-colouring-pad-sticker-sheets-and-colour-pencils,"Hello Friend Books Colouring and Sticker Travel Art Kit: Princess – Beautiful Colouring Kit with Colouring Pad, Sticker Sheets, and Colour Pencils","<p>Introducing the “Colouring and Sticker Travel Art Kit: Princess,” a delightful artistic set designed for princess fans on the go. This kit features a beautifully illustrated coloring pad, sticker sheets adorned with enchanting princess designs, and a set of vibrant color pencils. Perfect for travel or on-the-go entertainment, it provides endless hours of creative fun. Children can bring their favorite princess scenes to life with colors and embellish their artwork with charming stickers. Compact and portable, this travel art kit is ideal for long journeys, vacations, or simply as a creative activity at home. Let the magic of princesses inspire creativity wherever you go!</p>",,Books,"children-books, books, 1-3-years, 4-7-years, gender-neutral, stories, interactive-books, creative-books, activity-books, coloring-book, book-with-colours, travel-size",TRUE,,,,,deny,manual,195.00,,TRUE,TRUE,https://hellofriendbooks.com/wp-content/uploads/2024/09/AMZ-2-Front-B-ACT-007-min.png,1,"Hello Friend Books Colouring and Sticker Travel Art Kit: Princess – Beautiful Colouring Kit with Colouring Pad, Sticker Sheets, and Colour Pencils",active
hello-friend-books-colouring-and-sticker-travel-art-kit-princess-beautiful-colouring-kit-with-colouring-pad-sticker-sheets-and-colour-pencils,,,,,,,,,,,,,,,,,https://hellofriendbooks.com/wp-content/uploads/2024/09/AMZ-2-Inside-ACT007-min.png,2,"Hello Friend Books Colouring and Sticker Travel Art Kit: Princess – Beautiful Colouring Kit with Colouring Pad, Sticker Sheets, and Colour Pencils",
hello-friend-books-colouring-and-sticker-travel-art-kit-princess-beautiful-colouring-kit-with-colouring-pad-sticker-sheets-and-colour-pencils,,,,,,,,,,,,,,,,,https://hellofriendbooks.com/wp-content/uploads/2024/09/AMZ-2-Inside-pages-ACT007-min.png,3,"Hello Friend Books Colouring and Sticker Travel Art Kit: Princess – Beautiful Colouring Kit with Colouring Pad, Sticker Sheets, and Colour Pencils",
hello-friend-books-colouring-and-sticker-travel-art-kit-princess-beautiful-colouring-kit-with-colouring-pad-sticker-sheets-and-colour-pencils,,,,,,,,,,,,,,,,,https://hellofriendbooks.com/wp-content/uploads/2024/09/AMZ-2-Sticker-sheets-ACT007-min.png,4,"Hello Friend Books Colouring and Sticker Travel Art Kit: Princess – Beautiful Colouring Kit with Colouring Pad, Sticker Sheets, and Colour Pencils",
hello-friend-books-colouring-and-sticker-travel-art-kit-princess-beautiful-colouring-kit-with-colouring-pad-sticker-sheets-and-colour-pencils,,,,,,,,,,,,,,,,,https://hellofriendbooks.com/wp-content/uploads/2024/09/AMZ-2-Back-ACT-007-min.png,5,"Hello Friend Books Colouring and Sticker Travel Art Kit: Princess – Beautiful Colouring Kit with Colouring Pad, Sticker Sheets, and Colour Pencils",
hello-friend-books-101-moral-stories-illustrated-padded-book-with-a-collection-of-enchanting-short-tales-for-kids,Hello Friend Books 101 Moral Stories: Illustrated Padded Book With a Collection of Enchanting Short Tales for Kids,"<p>“Moral Tales Stories Books” weave captivating narratives that not only entertain but also impart valuable life lessons. Each tale is crafted to convey important moral principles, teaching children virtues such as honesty, kindness, and perseverance. With engaging storytelling and vivid illustrations, these books transport readers into relatable scenarios where characters face dilemmas and make choices that ultimately lead to positive outcomes. From tales of friendship and empathy to stories of integrity and resilience, each narrative inspires reflection and personal growth. Perfect for young readers, these books instill moral values and character development, nurturing compassionate and responsible individuals for the future.</p>",,Books,"children-books, books, 4-7-years, 8+-years, gender-neutral, stories, interactive-books, creative-books, indian-mythology, story-books",TRUE,,,,,deny,manual,295.00,,TRUE,TRUE,https://hellofriendbooks.com/wp-content/uploads/2024/09/AMZ-111-101-Moral-Stories-Front-STB-005.png,1,Hello Friend Books 101 Moral Stories: Illustrated Padded Book With a Collection of Enchanting Short Tales for Kids,active
hello-friend-books-101-moral-stories-illustrated-padded-book-with-a-collection-of-enchanting-short-tales-for-kids,,,,,,,,,,,,,,,,,https://hellofriendbooks.com/wp-content/uploads/2024/09/AMZ-111-101-Moral-Stories-Inner-STB-005.png,2,Hello Friend Books 101 Moral Stories: Illustrated Padded Book With a Collection of Enchanting Short Tales for Kids,
hello-friend-books-101-moral-stories-illustrated-padded-book-with-a-collection-of-enchanting-short-tales-for-kids,,,,,,,,,,,,,,,,,https://hellofriendbooks.com/wp-content/uploads/2024/09/AMZ-111-101-Moral-Stories-Inner1-STB-005.png,3,Hello Friend Books 101 Moral Stories: Illustrated Padded Book With a Collection of Enchanting Short Tales for Kids,
hello-friend-books-101-moral-stories-illustrated-padded-book-with-a-collection-of-enchanting-short-tales-for-kids,,,,,,,,,,,,,,,,,https://hellofriendbooks.com/wp-content/uploads/2024/09/AMZ-111-101-Moral-Stories-Back-STB-005.png,4,Hello Friend Books 101 Moral Stories: Illustrated Padded Book With a Collection of Enchanting Short Tales for Kids,
hello-friend-books-my-first-wipe-and-clean-board-book-of-colours-shapes-includes-wipe-and-clean-pen-to-write-learn-clean-and-write-again,"Hello Friend Books My First Wipe and Clean Board Book of Colours & Shapes: Includes Wipe and Clean Pen to Write, Learn, Clean and Write Again","<p>Explore the world of colors and shapes with “My First Wipe and Clean Board Book of Colors & Shapes.” This interactive board book features a wipe and clean pen, offering endless learning opportunities. Each page showcases a vibrant color or shape, accompanied by engaging illustrations. Children can trace and practice drawing the shapes or writing the color names, then wipe the board clean to start anew. The sturdy pages ensure durability, ideal for little hands to explore. Perfect for early childhood development, this book fosters color recognition, shape identification, and fine motor skills. It’s a delightful tool for interactive learning and creative exploration.</p>",,Books,"children-books, books, 1-3-years, 4-7-years, gender-neutral, write-and-wipe-books, learning-books",TRUE,,,,,deny,manual,295.00,,TRUE,TRUE,https://hellofriendbooks.com/wp-content/uploads/2024/09/AMZ-121-Shape-and-Colour-Front-WIP-003.png,1,"Hello Friend Books My First Wipe and Clean Board Book of Colours & Shapes: Includes Wipe and Clean Pen to Write, Learn, Clean and Write Again",active
hello-friend-books-my-first-wipe-and-clean-board-book-of-colours-shapes-includes-wipe-and-clean-pen-to-write-learn-clean-and-write-again,,,,,,,,,,,,,,,,,https://hellofriendbooks.com/wp-content/uploads/2024/09/AMZ-121-Shape-and-Colour-Inner-WIP-003.png,2,"Hello Friend Books My First Wipe and Clean Board Book of Colours & Shapes: Includes Wipe and Clean Pen to Write, Learn, Clean and Write Again",
hello-friend-books-my-first-wipe-and-clean-board-book-of-colours-shapes-includes-wipe-and-clean-pen-to-write-learn-clean-and-write-again,,,,,,,,,,,,,,,,,https://hellofriendbooks.com/wp-content/uploads/2024/09/AMZ-121-Shape-and-Colour-Inner1-WIP-003.png,3,"Hello Friend Books My First Wipe and Clean Board Book of Colours & Shapes: Includes Wipe and Clean Pen to Write, Learn, Clean and Write Again",
hello-friend-books-my-first-wipe-and-clean-board-book-of-colours-shapes-includes-wipe-and-clean-pen-to-write-learn-clean-and-write-again,,,,,,,,,,,,,,,,,https://hellofriendbooks.com/wp-content/uploads/2024/09/AMZ-121-Shape-and-Colour-Back-WIP-003.png,4,"Hello Friend Books My First Wipe and Clean Board Book of Colours & Shapes: Includes Wipe and Clean Pen to Write, Learn, Clean and Write Again",
hello-friend-books-3d-model-activity-set-enchancted-forest-create-your-own-fairy-forest-model-with-stickers-and-colouring-sheets,Hello Friend Books 3D Model Activity Set: Enchancted Forest- Create Your Own Fairy Forest Model with Stickers and Colouring Sheets,"<p>Embark on a whimsical journey into the “Enchanted Forest” with this captivating 3D Model Activity Set. Delve into a world of magic as you construct your very own fairy forest model using stickers and coloring sheets. Let your imagination soar as you adorn the forest with vibrant colors and intricate details. Perfect for fostering creativity and fine motor skills, this set offers an enchanting experience for children and adults alike. Once complete, the model serves as a charming decoration, transporting you to a realm where fairies frolic among majestic trees and sparkling streams. Dive into this enchanting adventure today!</p>",,Books,"children-books, books, 1-3-years, 4-7-years, 8+-years, gender-neutral, interactive-books, creative-books, puzzle-books, 3d-model-books, girls",TRUE,,,,,deny,manual,295.00,,TRUE,TRUE,https://hellofriendbooks.com/wp-content/uploads/2024/09/Amz55-3D-Model-Kit-1.png,1,Hello Friend Books 3D Model Activity Set: Enchancted Forest- Create Your Own Fairy Forest Model with Stickers and Colouring Sheets,active
hello-friend-books-3d-model-activity-set-enchancted-forest-create-your-own-fairy-forest-model-with-stickers-and-colouring-sheets,,,,,,,,,,,,,,,,,https://hellofriendbooks.com/wp-content/uploads/2024/09/Amz55-3D-Model-Kit-5.png,2,Hello Friend Books 3D Model Activity Set: Enchancted Forest- Create Your Own Fairy Forest Model with Stickers and Colouring Sheets,
hello-friend-books-3d-model-activity-set-enchancted-forest-create-your-own-fairy-forest-model-with-stickers-and-colouring-sheets,,,,,,,,,,,,,,,,,https://hellofriendbooks.com/wp-content/uploads/2024/09/Amz55-3D-Model-Kit-4.png,3,Hello Friend Books 3D Model Activity Set: Enchancted Forest- Create Your Own Fairy Forest Model with Stickers and Colouring Sheets,
hello-friend-books-3d-model-activity-set-enchancted-forest-create-your-own-fairy-forest-model-with-stickers-and-colouring-sheets,,,,,,,,,,,,,,,,,https://hellofriendbooks.com/wp-content/uploads/2024/09/Amz55-3D-Model-Kit-3.png,4,Hello Friend Books 3D Model Activity Set: Enchancted Forest- Create Your Own Fairy Forest Model with Stickers and Colouring Sheets,
hello-friend-books-3d-model-activity-set-enchancted-forest-create-your-own-fairy-forest-model-with-stickers-and-colouring-sheets,,,,,,,,,,,,,,,,,https://hellofriendbooks.com/wp-content/uploads/2024/09/Amz55-3D-Model-Kit-2.png,5,Hello Friend Books 3D Model Activity Set: Enchancted Forest- Create Your Own Fairy Forest Model with Stickers and Colouring Sheets,
hello-friend-books-3d-model-activity-set-space-adventure-create-your-own-space-model-with-stickers-and-colouring-sheets,Hello Friend Books 3D Model Activity Set: Space Adventure- Create Your Own Space Model with Stickers and Colouring Sheets,"<p>Embark on an interstellar journey with the “Space Adventure” 3D Model Activity Set. Explore the cosmos as you construct your very own space model using stickers and coloring sheets. Dive into the depths of imagination as you adorn the celestial landscape with vibrant hues and cosmic details. Perfect for igniting curiosity and honing creative skills, this set offers an out-of-this-world experience for children and adults alike. Once completed, the model serves as a stellar decoration, transporting you to distant galaxies where stars twinkle and planets dance. Embark on this cosmic adventure and let your imagination soar among the stars!</p>",,Books,"children-books, books, 1-3-years, 4-7-years, 8+-years, gender-neutral, interactive-books, creative-books, puzzle-books, 3d-model-books, girls, boys",TRUE,,,,,deny,manual,295.00,,TRUE,TRUE,https://hellofriendbooks.com/wp-content/uploads/2024/09/3D-Colouring-Kit-1.png,1,Hello Friend Books 3D Model Activity Set: Space Adventure- Create Your Own Space Model with Stickers and Colouring Sheets,active
hello-friend-books-3d-model-activity-set-space-adventure-create-your-own-space-model-with-stickers-and-colouring-sheets,,,,,,,,,,,,,,,,,https://hellofriendbooks.com/wp-content/uploads/2024/09/3D-Colouring-Kit-6.png,2,Hello Friend Books 3D Model Activity Set: Space Adventure- Create Your Own Space Model with Stickers and Colouring Sheets,
hello-friend-books-3d-model-activity-set-space-adventure-create-your-own-space-model-with-stickers-and-colouring-sheets,,,,,,,,,,,,,,,,,https://hellofriendbooks.com/wp-content/uploads/2024/09/3D-Colouring-Kit-5.png,3,Hello Friend Books 3D Model Activity Set: Space Adventure- Create Your Own Space Model with Stickers and Colouring Sheets,
hello-friend-books-3d-model-activity-set-space-adventure-create-your-own-space-model-with-stickers-and-colouring-sheets,,,,,,,,,,,,,,,,,https://hellofriendbooks.com/wp-content/uploads/2024/09/3D-Colouring-Kit-4.png,4,Hello Friend Books 3D Model Activity Set: Space Adventure- Create Your Own Space Model with Stickers and Colouring Sheets,
hello-friend-books-3d-model-activity-set-space-adventure-create-your-own-space-model-with-stickers-and-colouring-sheets,,,,,,,,,,,,,,,,,https://hellofriendbooks.com/wp-content/uploads/2024/09/3D-Colouring-Kit-3.png,5,Hello Friend Books 3D Model Activity Set: Space Adventure- Create Your Own Space Model with Stickers and Colouring Sheets,
hello-friend-books-my-first-wipe-and-clean-board-book-of-numbers-includes-wipe-and-clean-pen-to-write-learn-clean-and-write-again,"Hello Friend Books My First Wipe and Clean Board Book of Numbers: Includes Wipe and Clean Pen to Write, Learn, Clean and Write Again","<p>Dive into the world of numbers with “My First Wipe and Clean Board Book of Numbers.” This interactive board book comes with a wipe and clean pen, offering endless opportunities for learning and fun. Each page showcases a number, accompanied by vibrant illustrations and simple counting exercises. Children can trace and practice writing the numbers, then wipe them clean to start again. The sturdy pages ensure durability, perfect for little hands to explore. Ideal for early math skills development, this book fosters number recognition, counting, and handwriting skills. It’s a delightful tool for interactive learning, providing endless educational enjoyment and exploration.</p>",,Books,"children-books, books, 1-3-years, 4-7-years, gender-neutral, write-and-wipe-books, learning-books",TRUE,,,,,deny,manual,295.00,,TRUE,TRUE,https://hellofriendbooks.com/wp-content/uploads/2024/09/AMZ-121-Wipe-Clean-Numbers-Front-WIP-002.png,1,"Hello Friend Books My First Wipe and Clean Board Book of Numbers: Includes Wipe and Clean Pen to Write, Learn, Clean and Write Again",active
hello-friend-books-my-first-wipe-and-clean-board-book-of-numbers-includes-wipe-and-clean-pen-to-write-learn-clean-and-write-again,,,,,,,,,,,,,,,,,https://hellofriendbooks.com/wp-content/uploads/2024/09/AMZ-121-Wipe-Clean-Numbers-Inner-WIP-002.png,2,"Hello Friend Books My First Wipe and Clean Board Book of Numbers: Includes Wipe and Clean Pen to Write, Learn, Clean and Write Again",
hello-friend-books-my-first-wipe-and-clean-board-book-of-numbers-includes-wipe-and-clean-pen-to-write-learn-clean-and-write-again,,,,,,,,,,,,,,,,,https://hellofriendbooks.com/wp-content/uploads/2024/09/AMZ-121-Wipe-Clean-Numbers-Inner1-WIP-002.png,3,"Hello Friend Books My First Wipe and Clean Board Book of Numbers: Includes Wipe and Clean Pen to Write, Learn, Clean and Write Again",
hello-friend-books-my-first-wipe-and-clean-board-book-of-numbers-includes-wipe-and-clean-pen-to-write-learn-clean-and-write-again,,,,,,,,,,,,,,,,,https://hellofriendbooks.com/wp-content/uploads/2024/09/AMZ-121-Wipe-Clean-Numbers-Back-WIP-002.png,4,"Hello Friend Books My First Wipe and Clean Board Book of Numbers: Includes Wipe and Clean Pen to Write, Learn, Clean and Write Again",
hello-friend-books-my-first-xylophone-sound-book-for-kids-sing-read-and-play-with-xylophone-sound-story-board-book,"Hello Friend Books My First Xylophone Sound Book for Kids: Sing, Read and Play with Xylophone Sound Story Board Book","<p>I love Music : Xylophone Play Along Song Book, Sound Book, Story Book all in one. Interactive Story Song Book with Toy Xylophone for children over 18 months old child can develop musical skills by playing songs. Each page has basic notes to play. Attractive story on right side page. Must have beautiful gift. Play along, read Story Sound Board Book.</p>",,Books,"children-books, books, 1-3-years, 4-7-years, gender-neutral, interactive-books, creative-books, hard-cut, story-books, music-books, audio-books, sound-books",TRUE,,,,,deny,manual,295.00,,TRUE,TRUE,https://hellofriendbooks.com/wp-content/uploads/2024/09/Amz-26-Xylophone-Board-Book-Front-B-SOB004.png,1,"Hello Friend Books My First Xylophone Sound Book for Kids: Sing, Read and Play with Xylophone Sound Story Board Book",active
hello-friend-books-my-first-xylophone-sound-book-for-kids-sing-read-and-play-with-xylophone-sound-story-board-book,,,,,,,,,,,,,,,,,https://hellofriendbooks.com/wp-content/uploads/2024/09/Amz-26-Xylophone-Board-Book-Inner-SOB004-2.png,2,"Hello Friend Books My First Xylophone Sound Book for Kids: Sing, Read and Play with Xylophone Sound Story Board Book",
hello-friend-books-my-first-xylophone-sound-book-for-kids-sing-read-and-play-with-xylophone-sound-story-board-book,,,,,,,,,,,,,,,,,https://hellofriendbooks.com/wp-content/uploads/2024/09/Amz-26-Xylophone-Board-Book-Inner-SOB004.png,3,"Hello Friend Books My First Xylophone Sound Book for Kids: Sing, Read and Play with Xylophone Sound Story Board Book",
hello-friend-books-my-first-xylophone-sound-book-for-kids-sing-read-and-play-with-xylophone-sound-story-board-book,,,,,,,,,,,,,,,,,https://hellofriendbooks.com/wp-content/uploads/2024/09/Amz-26-Xylophone-Board-Book-Inner-Oppen.png,4,"Hello Friend Books My First Xylophone Sound Book for Kids: Sing, Read and Play with Xylophone Sound Story Board Book",
hello-friend-books-my-first-xylophone-sound-book-for-kids-sing-read-and-play-with-xylophone-sound-story-board-book,,,,,,,,,,,,,,,,,https://hellofriendbooks.com/wp-content/uploads/2024/09/Amz-26-Xylophone-Board-Book-Back-SOB004.png,5,"Hello Friend Books My First Xylophone Sound Book for Kids: Sing, Read and Play with Xylophone Sound Story Board Book",
hello-friend-books-my-padded-puzzle-board-book-amazing-animals-96-jigsaw-puzzle-pieces-for-perception-and-learning,Hello Friend Books My Padded Puzzle Board Book: Amazing Animals- 9×6 Jigsaw Puzzle Pieces for Perception and Learning,"<p>My First Animal Puzzle Board Book, interactive age 3 to 6, First word, Story Book, 6 Puzzles. Have fun playing with animals, making puzzles, learn n read story, interactive to learn First words. Ages 3 years and up will enjoy embarking on exciting adventure through the jungle.Childs imagination will surely be ignited as they listen the story and join puzzle to make beautiful scenes.</p>",,Books,"children-books, books, 1-3-years, 4-7-years, 8+-years, gender-neutral, interactive-books, creative-books, puzzle-books",TRUE,,,,,deny,manual,295.00,,TRUE,TRUE,https://hellofriendbooks.com/wp-content/uploads/2024/09/Amz-023-Transport-Puzzle-Book-Front-B-PBB002.png,1,Hello Friend Books My Padded Puzzle Board Book: Amazing Animals- 9×6 Jigsaw Puzzle Pieces for Perception and Learning,active
hello-friend-books-my-padded-puzzle-board-book-amazing-animals-96-jigsaw-puzzle-pieces-for-perception-and-learning,,,,,,,,,,,,,,,,,https://hellofriendbooks.com/wp-content/uploads/2024/09/Amz-023-Transport-Puzzle-Inner-PBB002-2.png,2,Hello Friend Books My Padded Puzzle Board Book: Amazing Animals- 9×6 Jigsaw Puzzle Pieces for Perception and Learning,
hello-friend-books-my-padded-puzzle-board-book-amazing-animals-96-jigsaw-puzzle-pieces-for-perception-and-learning,,,,,,,,,,,,,,,,,https://hellofriendbooks.com/wp-content/uploads/2024/09/Amz-023-Transport-Puzzle-Inner-PBB002.png,3,Hello Friend Books My Padded Puzzle Board Book: Amazing Animals- 9×6 Jigsaw Puzzle Pieces for Perception and Learning,
hello-friend-books-my-padded-puzzle-board-book-amazing-animals-96-jigsaw-puzzle-pieces-for-perception-and-learning,,,,,,,,,,,,,,,,,https://hellofriendbooks.com/wp-content/uploads/2024/09/Amz-023-Transport-Puzzle-Book-Inside-PBB002.png,4,Hello Friend Books My Padded Puzzle Board Book: Amazing Animals- 9×6 Jigsaw Puzzle Pieces for Perception and Learning,
hello-friend-books-my-padded-puzzle-board-book-amazing-animals-96-jigsaw-puzzle-pieces-for-perception-and-learning,,,,,,,,,,,,,,,,,https://hellofriendbooks.com/wp-content/uploads/2024/09/Amz-023-Transport-Puzzle-Book-Back-PBB002.png,5,Hello Friend Books My Padded Puzzle Board Book: Amazing Animals- 9×6 Jigsaw Puzzle Pieces for Perception and Learning,
hello-friend-books-my-shaped-story-book-alladin-shaped-story-board-book-for-kids,Hello Friend Books My Shaped Story Book: Alladin – Shaped Story Board Book for Kids,"<p>“My Shaped Story Book: Aladdin” is an enchanting journey for young readers. This vibrant board book combines storytelling with interactive elements, captivating children with its colorful illustrations and engaging narrative. From the bustling streets of Agrabah to the magical wonders of the genie’s lamp, the book brings Aladdin’s adventurous tale to life. With its unique shape and sturdy pages, it’s designed to withstand the curiosity of little hands. Each turn of the page reveals a new twist in Aladdin’s quest for love and adventure, fostering imagination and love for reading in young minds.</p>",,Books,"children-books, books, 4-7-years, 8+-years, gender-neutral, stories, interactive-books, creative-books, hard-board-cut-book, story-books",TRUE,,,,,deny,manual,295.00,,TRUE,TRUE,https://hellofriendbooks.com/wp-content/uploads/2024/09/AMZ-137-Alladin-Story-Book-Front-TPP-004.png,1,Hello Friend Books My Shaped Story Book: Alladin – Shaped Story Board Book for Kids,active
hello-friend-books-my-shaped-story-book-alladin-shaped-story-board-book-for-kids,,,,,,,,,,,,,,,,,https://hellofriendbooks.com/wp-content/uploads/2024/09/AMZ-137-Alladin-Story-Book-Inner-TPP-004-1.png,2,Hello Friend Books My Shaped Story Book: Alladin – Shaped Story Board Book for Kids,
hello-friend-books-my-shaped-story-book-alladin-shaped-story-board-book-for-kids,,,,,,,,,,,,,,,,,https://hellofriendbooks.com/wp-content/uploads/2024/09/AMZ-137-Alladin-Story-Book-Inner1-TPP-004-1.png,3,Hello Friend Books My Shaped Story Book: Alladin – Shaped Story Board Book for Kids,
hello-friend-books-my-shaped-story-book-alladin-shaped-story-board-book-for-kids,,,,,,,,,,,,,,,,,https://hellofriendbooks.com/wp-content/uploads/2024/09/AMZ-137-Alladin-Story-Book-Back-TPP-004-2.png,4,Hello Friend Books My Shaped Story Book: Alladin – Shaped Story Board Book for Kids,
hello-friend-books-cloth-heigh-chart-explore-farm-hangable-height-chart-with-stories-for-children,Hello Friend Books Cloth Heigh Chart: Explore Farm- Hangable Height Chart with Stories for Children,"<p>“Explore Farm Height Chart” is an interactive book that combines learning and fun for young adventurers. With vibrant illustrations of farm scenes, children journey through different aspects of farm life while measuring their height against a colorful height chart. Each page offers educational tidbits about farm animals, crops, and equipment, fostering curiosity and knowledge. As kids track their growth, they engage with the farm-themed illustrations, sparking imaginative play and storytelling. Perfect for families and classrooms, this book not only serves as a height chart but also as a tool for learning and exploration, creating lasting memories of farm adventures.</p>",,Books,"children-books, books, 1-3-years, 4-7-years, 8+-years, gender-neutral, stories, interactive-books, creative-books, story-books, cloth-book, waterproof, height-chart, girls, boys",TRUE,,,,,deny,manual,295.00,,TRUE,TRUE,https://hellofriendbooks.com/wp-content/uploads/2024/09/Amz-47-Cloth-Height-Chart-B-Front-CLO001.png,1,Hello Friend Books Cloth Heigh Chart: Explore Farm- Hangable Height Chart with Stories for Children,active
hello-friend-books-cloth-heigh-chart-explore-farm-hangable-height-chart-with-stories-for-children,,,,,,,,,,,,,,,,,https://hellofriendbooks.com/wp-content/uploads/2024/09/Amz-47-Cloth-Height-Chart-Full-SizeCLO001.png,2,Hello Friend Books Cloth Heigh Chart: Explore Farm- Hangable Height Chart with Stories for Children,
hello-friend-books-cloth-heigh-chart-explore-farm-hangable-height-chart-with-stories-for-children,,,,,,,,,,,,,,,,,https://hellofriendbooks.com/wp-content/uploads/2024/09/Amz-47-Cloth-Height-Chart-Back-CLO001.png,3,Hello Friend Books Cloth Heigh Chart: Explore Farm- Hangable Height Chart with Stories for Children,
hello-friend-books-the-race-car-champion-sound-book-for-kidstoddlers-musical-sound-book-with-6-interactive-sounds-and-steering-wheel,Hello Friend Books The Race Car Champion Sound Book for Kids/Toddlers- Musical Sound Book with 6 Interactive Sounds and Steering Wheel,"<p>Sports Car Sound Book Champion with Steering, Vroom Vroom, Unique Book, Story Book, Large Size, Music, Interactive.First Time in India, Unique Sound Book, Story Book, Play Book with Sports Car Sound Module, Multiple Sound, Race Car Champion play with built in story wheel and play different sounds, enjoy the story. Right side spread shows windshield view child sees sitting in car. 5 spreads board book.</p>",,Books,"children-books, books, 1-3-years, 4-7-years, boys, gender-neutral, interactive-books, creative-books, hard-cut, story-books, music-books, audio-books, sound-books, book-with-phone",TRUE,,,,,deny,manual,295.00,,TRUE,TRUE,https://hellofriendbooks.com/wp-content/uploads/2024/09/Amz-25-Wheel-Sound-Book-Front-B-SOB-002.png,1,Hello Friend Books The Race Car Champion Sound Book for Kids/Toddlers- Musical Sound Book with 6 Interactive Sounds and Steering Wheel,active
hello-friend-books-the-race-car-champion-sound-book-for-kidstoddlers-musical-sound-book-with-6-interactive-sounds-and-steering-wheel,,,,,,,,,,,,,,,,,https://hellofriendbooks.com/wp-content/uploads/2024/09/Amz-25-Wheel-Sound-Book-Inner-SOB-002-2.png,2,Hello Friend Books The Race Car Champion Sound Book for Kids/Toddlers- Musical Sound Book with 6 Interactive Sounds and Steering Wheel,
hello-friend-books-the-race-car-champion-sound-book-for-kidstoddlers-musical-sound-book-with-6-interactive-sounds-and-steering-wheel,,,,,,,,,,,,,,,,,https://hellofriendbooks.com/wp-content/uploads/2024/09/Amz-25-Wheel-Sound-Book-Inner-SOB-002.png,3,Hello Friend Books The Race Car Champion Sound Book for Kids/Toddlers- Musical Sound Book with 6 Interactive Sounds and Steering Wheel,
hello-friend-books-the-race-car-champion-sound-book-for-kidstoddlers-musical-sound-book-with-6-interactive-sounds-and-steering-wheel,,,,,,,,,,,,,,,,,https://hellofriendbooks.com/wp-content/uploads/2024/09/Amz-25-Wheel-Sound-Book-Inner-oppen.png,4,Hello Friend Books The Race Car Champion Sound Book for Kids/Toddlers- Musical Sound Book with 6 Interactive Sounds and Steering Wheel,
hello-friend-books-the-race-car-champion-sound-book-for-kidstoddlers-musical-sound-book-with-6-interactive-sounds-and-steering-wheel,,,,,,,,,,,,,,,,,https://hellofriendbooks.com/wp-content/uploads/2024/09/Amz-25-Wheel-Sound-Book-Back-SOB-002.png,5,Hello Friend Books The Race Car Champion Sound Book for Kids/Toddlers- Musical Sound Book with 6 Interactive Sounds and Steering Wheel,
hello-friend-books-die-cut-board-book-my-first-colours-shaped-board-book-with-vibrant-illustrations-for-kids,Hello Friend Books Die Cut Board Book: My First Colours- Shaped Board Book with Vibrant Illustrations for Kids,"<p>My First Colors – Board Book is a vibrant introduction to the world of colors for young learners. Each sturdy page features bold, eye-catching illustrations of primary and secondary colors, accompanied by simple labels. Through engaging visuals and clear examples, this book provides an interactive exploration of color recognition. With its durable board construction, it withstands the handling of little hands, making it ideal for toddlers and preschoolers. Perfect for early learners, this book sparks curiosity and lays the foundation for understanding basic color concepts, fostering cognitive development and enhancing observational skills. With every page turn, young readers embark on a colorful adventure of discovery.</p>",,Books,"children-books, books, 4-7-years, gender-neutral, books, hard-board-cut-book, learning-books, educational-books, colours",TRUE,,,,,deny,manual,295.00,,TRUE,TRUE,https://hellofriendbooks.com/wp-content/uploads/2024/09/AMZ-122-Colours-front-PCD-002.png,1,Hello Friend Books Die Cut Board Book: My First Colours- Shaped Board Book with Vibrant Illustrations for Kids,active
hello-friend-books-die-cut-board-book-my-first-colours-shaped-board-book-with-vibrant-illustrations-for-kids,,,,,,,,,,,,,,,,,https://hellofriendbooks.com/wp-content/uploads/2024/09/AMZ-122-Colours-Inner-PCD-002.png,2,Hello Friend Books Die Cut Board Book: My First Colours- Shaped Board Book with Vibrant Illustrations for Kids,
hello-friend-books-die-cut-board-book-my-first-colours-shaped-board-book-with-vibrant-illustrations-for-kids,,,,,,,,,,,,,,,,,https://hellofriendbooks.com/wp-content/uploads/2024/09/AMZ-122-Colours-Inner1-PCD-002.png,3,Hello Friend Books Die Cut Board Book: My First Colours- Shaped Board Book with Vibrant Illustrations for Kids,
hello-friend-books-die-cut-board-book-my-first-colours-shaped-board-book-with-vibrant-illustrations-for-kids,,,,,,,,,,,,,,,,,https://hellofriendbooks.com/wp-content/uploads/2024/09/AMZ-122-Colours-Back-PCD-002.png,4,Hello Friend Books Die Cut Board Book: My First Colours- Shaped Board Book with Vibrant Illustrations for Kids,
hello-friend-books-die-cut-board-book-my-first-alphabets-shaped-board-book-with-vibrant-illustrations-for-kids,Hello Friend Books Die Cut Board Book: My First Alphabets- Shaped Board Book with Vibrant Illustrations for Kids,"<p>My First Alphabets – Board Book is an engaging introduction to the alphabet for young learners. Each sturdy page features bold, colorful illustrations of uppercase and lowercase letters, accompanied by clear examples and simple labels. Through interactive visuals and repetition, this book provides a hands-on exploration of letter recognition. With its durable board construction, it withstands the handling of little hands, making it ideal for toddlers and preschoolers. Perfect for early literacy development, this book sparks curiosity and lays the foundation for letter-sound associations, fostering language acquisition and enhancing pre-reading skills. With every page turn, young readers embark on an exciting journey of alphabet discovery.</p>",,Books,"children-books, books, 4-7-years, gender-neutral, books, hard-board-cut-book, learning-books, educational-books, alphabet",TRUE,,,,,deny,manual,295.00,,TRUE,TRUE,https://hellofriendbooks.com/wp-content/uploads/2024/09/AMZ-122-Alphabet-Front-PCD-003.png,1,Hello Friend Books Die Cut Board Book: My First Alphabets- Shaped Board Book with Vibrant Illustrations for Kids,active
hello-friend-books-die-cut-board-book-my-first-alphabets-shaped-board-book-with-vibrant-illustrations-for-kids,,,,,,,,,,,,,,,,,https://hellofriendbooks.com/wp-content/uploads/2024/09/AMZ-122-Alphabet-Inner-PCD-003.png,2,Hello Friend Books Die Cut Board Book: My First Alphabets- Shaped Board Book with Vibrant Illustrations for Kids,
hello-friend-books-die-cut-board-book-my-first-alphabets-shaped-board-book-with-vibrant-illustrations-for-kids,,,,,,,,,,,,,,,,,https://hellofriendbooks.com/wp-content/uploads/2024/09/AMZ-122-Alphabet-Inner1-PCD-003.png,3,Hello Friend Books Die Cut Board Book: My First Alphabets- Shaped Board Book with Vibrant Illustrations for Kids,
hello-friend-books-die-cut-board-book-my-first-alphabets-shaped-board-book-with-vibrant-illustrations-for-kids,,,,,,,,,,,,,,,,,https://hellofriendbooks.com/wp-content/uploads/2024/09/AMZ-122-Alphabet-Back-PCD-003.png,4,Hello Friend Books Die Cut Board Book: My First Alphabets- Shaped Board Book with Vibrant Illustrations for Kids,
hello-friend-books-die-cut-board-book-my-first-numbers-shaped-board-book-with-vibrant-illustrations-for-kids,Hello Friend Books Die Cut Board Book: My First Numbers- Shaped Board Book with Vibrant Illustrations for Kids,"<p>My First Numbers – Board Book is a delightful introduction to numerical concepts for young learners. Each sturdy page features bold, colorful illustrations of numbers, accompanied by clear examples and simple labels. Through engaging visuals and repetition, this book provides a hands-on exploration of number recognition and counting. With its durable board construction, it withstands the handling of little hands, making it ideal for toddlers and preschoolers. Perfect for early numeracy development, this book sparks curiosity and lays the foundation for understanding numerical sequences and basic arithmetic. With every page turn, young readers embark on an exciting journey of numerical discovery.</p>",,Books,"children-books, books, 4-7-years, gender-neutral, books, hard-board-cut-book, learning-books, educational-books, numbers",TRUE,,,,,deny,manual,295.00,,TRUE,TRUE,https://hellofriendbooks.com/wp-content/uploads/2024/09/AMZ-122-Numbers-Front-PCD-004.png,1,Hello Friend Books Die Cut Board Book: My First Numbers- Shaped Board Book with Vibrant Illustrations for Kids,active
hello-friend-books-die-cut-board-book-my-first-numbers-shaped-board-book-with-vibrant-illustrations-for-kids,,,,,,,,,,,,,,,,,https://hellofriendbooks.com/wp-content/uploads/2024/09/AMZ-122-Numbers-Inner-PCD-004.png,2,Hello Friend Books Die Cut Board Book: My First Numbers- Shaped Board Book with Vibrant Illustrations for Kids,
hello-friend-books-die-cut-board-book-my-first-numbers-shaped-board-book-with-vibrant-illustrations-for-kids,,,,,,,,,,,,,,,,,https://hellofriendbooks.com/wp-content/uploads/2024/09/AMZ-122-Numbers-Inner1-PCD-004.png,3,Hello Friend Books Die Cut Board Book: My First Numbers- Shaped Board Book with Vibrant Illustrations for Kids,
hello-friend-books-die-cut-board-book-my-first-numbers-shaped-board-book-with-vibrant-illustrations-for-kids,,,,,,,,,,,,,,,,,https://hellofriendbooks.com/wp-content/uploads/2024/09/AMZ-122-Numbers-Back-PCD-004.png,4,Hello Friend Books Die Cut Board Book: My First Numbers- Shaped Board Book with Vibrant Illustrations for Kids,
hello-friend-books-die-cut-board-book-my-first-shapes-shaped-board-book-with-vibrant-illustrations-for-kids,Hello Friend Books Die Cut Board Book: My First Shapes- Shaped Board Book with Vibrant Illustrations for Kids,"<p>My First Shapes – Board Book is a delightful introduction to basic geometric forms for young learners. Each sturdy page features bold, colorful illustrations of common shapes such as circles, squares, triangles, and rectangles. Through engaging visuals and simple labels, this book provides an interactive exploration of shape recognition. With its durable board construction, it withstands the handling of little hands, making it ideal for toddlers and preschoolers. Perfect for early learners, this book sparks curiosity and lays the foundation for understanding spatial concepts, fostering cognitive development and enhancing fine motor skills. With every page turn, young readers embark on an exciting journey of shape discovery.</p>",,Books,"children-books, books, 4-7-years, gender-neutral, books, hard-board-cut-book, learning-books, educational-books, shapes",TRUE,,,,,deny,manual,295.00,,TRUE,TRUE,https://hellofriendbooks.com/wp-content/uploads/2024/09/AMZ-122-Shapes-Front-PCD-001.png,1,Hello Friend Books Die Cut Board Book: My First Shapes- Shaped Board Book with Vibrant Illustrations for Kids,active
hello-friend-books-die-cut-board-book-my-first-shapes-shaped-board-book-with-vibrant-illustrations-for-kids,,,,,,,,,,,,,,,,,https://hellofriendbooks.com/wp-content/uploads/2024/09/AMZ-122-Shapes-Inner-PCD-001.png,2,Hello Friend Books Die Cut Board Book: My First Shapes- Shaped Board Book with Vibrant Illustrations for Kids,
hello-friend-books-die-cut-board-book-my-first-shapes-shaped-board-book-with-vibrant-illustrations-for-kids,,,,,,,,,,,,,,,,,https://hellofriendbooks.com/wp-content/uploads/2024/09/AMZ-122-Shapes-Inner1-PCD-001.png,3,Hello Friend Books Die Cut Board Book: My First Shapes- Shaped Board Book with Vibrant Illustrations for Kids,
hello-friend-books-die-cut-board-book-my-first-shapes-shaped-board-book-with-vibrant-illustrations-for-kids,,,,,,,,,,,,,,,,,https://hellofriendbooks.com/wp-content/uploads/2024/09/AMZ-122-Shapes-Back-PCD-001.png,4,Hello Friend Books Die Cut Board Book: My First Shapes- Shaped Board Book with Vibrant Illustrations for Kids,
hello-friend-books-dinosaur-puzzle-book-board-book-with-jigsaw-puzzles-for-kids,Hello Friend Books Dinosaur Puzzle Book: Board Book with Jigsaw Puzzles for Kids,"<p>Roar into adventure with the Dinosaur Puzzle Board Book. Each robust page unveils dynamic illustrations of prehistoric landscapes teeming with mighty dinosaurs. Engaging puzzles await, challenging young paleontologists to fit pieces into their designated spots, revealing thrilling scenes like epic dino battles and lush Jurassic jungles. Through interactive play, children develop problem-solving skills and hand-eye coordination while exploring the fascinating world of dinosaurs and their ancient habitats. Perfect for little explorers and dinosaur enthusiasts, this captivating book offers hours of entertainment and educational value, fostering a love for paleontology and sparking imaginations with every puzzle piece placed in this exciting journey through time.</p>",,Books,"children-books, books, 1-3-years, 4-7-years, gender-neutral, interactive-books, creative-books, puzzle-books",TRUE,,,,,deny,manual,295.00,,TRUE,TRUE,https://hellofriendbooks.com/wp-content/uploads/2024/09/AMZ-131-Dinosaur-Puzzle-Board-Book-front-RPB-004.png,1,Hello Friend Books Dinosaur Puzzle Book: Board Book with Jigsaw Puzzles for Kids,active
hello-friend-books-dinosaur-puzzle-book-board-book-with-jigsaw-puzzles-for-kids,,,,,,,,,,,,,,,,,https://hellofriendbooks.com/wp-content/uploads/2024/09/AMZ-131-Dinosaur-Puzzle-Board-Book-inner-RPB-004.png,2,Hello Friend Books Dinosaur Puzzle Book: Board Book with Jigsaw Puzzles for Kids,
hello-friend-books-dinosaur-puzzle-book-board-book-with-jigsaw-puzzles-for-kids,,,,,,,,,,,,,,,,,https://hellofriendbooks.com/wp-content/uploads/2024/09/AMZ-131-Dinosaur-Puzzle-Board-Book-inner2-RPB-004.png,3,Hello Friend Books Dinosaur Puzzle Book: Board Book with Jigsaw Puzzles for Kids,
hello-friend-books-dinosaur-puzzle-book-board-book-with-jigsaw-puzzles-for-kids,,,,,,,,,,,,,,,,,https://hellofriendbooks.com/wp-content/uploads/2024/09/AMZ-131-Dinosaur-Puzzle-Board-Book-back-RPB-004.png,4,Hello Friend Books Dinosaur Puzzle Book: Board Book with Jigsaw Puzzles for Kids,
hello-friend-books-farm-animals-puzzle-book-board-book-with-jigsaw-puzzles-for-kids,Hello Friend Books Farm Animals Puzzle Book: Board Book with Jigsaw Puzzles for Kids,"<p>Embark on a charming journey through the countryside with the Farm Animals Puzzle Board Book. Each sturdy page features lively illustrations of beloved farmyard creatures and scenic landscapes. Engaging puzzles await, inviting young minds to match pieces to their designated spots, revealing delightful scenes like frolicking lambs in green pastures and busy hens in the coop. Through interactive play, children develop problem-solving skills and hand-eye coordination while learning about farm life and animal sounds. Perfect for toddlers and preschoolers, this delightful book offers hours of entertainment and educational value, fostering a love for nature and igniting imaginations with every puzzle piece placed.</p>",,Books,"children-books, books, 1-3-years, 4-7-years, gender-neutral, interactive-books, creative-books, puzzle-books",TRUE,,,,,deny,manual,295.00,,TRUE,TRUE,https://hellofriendbooks.com/wp-content/uploads/2024/09/AMZ-131-Farm-Puzzle-Board-Book-front-RPB-002.png,1,Hello Friend Books Farm Animals Puzzle Book: Board Book with Jigsaw Puzzles for Kids,active
hello-friend-books-farm-animals-puzzle-book-board-book-with-jigsaw-puzzles-for-kids,,,,,,,,,,,,,,,,,https://hellofriendbooks.com/wp-content/uploads/2024/09/AMZ-131-Farm-Puzzle-Board-Book-inner2-RPB-002.png,2,Hello Friend Books Farm Animals Puzzle Book: Board Book with Jigsaw Puzzles for Kids,
hello-friend-books-farm-animals-puzzle-book-board-book-with-jigsaw-puzzles-for-kids,,,,,,,,,,,,,,,,,https://hellofriendbooks.com/wp-content/uploads/2024/09/AMZ-131-Farm-Puzzle-Board-Book-inner-RPB-002.png,3,Hello Friend Books Farm Animals Puzzle Book: Board Book with Jigsaw Puzzles for Kids,
hello-friend-books-farm-animals-puzzle-book-board-book-with-jigsaw-puzzles-for-kids,,,,,,,,,,,,,,,,,https://hellofriendbooks.com/wp-content/uploads/2024/09/AMZ-131-Farm-Puzzle-Board-Book-back-RPB-002.png,4,Hello Friend Books Farm Animals Puzzle Book: Board Book with Jigsaw Puzzles for Kids,
hello-friend-books-fingerprint-painting-activity-book-princess-fun-colouring-and-painting-art-kit-with-thumbrint-pad,Hello Friend Books Fingerprint Painting Activity Book: Princess – Fun Colouring and Painting Art Kit with Thumbrint Pad,"<p>Delve into a world of royal creativity with the “Princess” Fingerprint Painting Activity Book. This enchanting kit combines the joy of coloring and painting with the unique artistry of fingerprinting. Using the included thumbprint pad, budding artists can adorn the pages with their own fingerprints, transforming them into magical princess-themed masterpieces. With charming illustrations and engaging activities, this book sparks imagination and encourages artistic exploration. Ideal for young creators, this activity book offers hours of fun and serves as a delightful keepsake of their imaginative journey through the enchanting realm of princesses.</p>",,Books,"children-books, books, 1-3-years, 4-7-years, girls, stories, interactive-books, creative-books, activity-books, coloring-book, book-with-colours",TRUE,,,,,deny,manual,295.00,,TRUE,TRUE,https://hellofriendbooks.com/wp-content/uploads/2024/09/Amz-56-Princess-Colouring-B-Book-Finger-Paint-Set-Front.png,1,Hello Friend Books Fingerprint Painting Activity Book: Princess – Fun Colouring and Painting Art Kit with Thumbrint Pad,active
hello-friend-books-fingerprint-painting-activity-book-princess-fun-colouring-and-painting-art-kit-with-thumbrint-pad,,,,,,,,,,,,,,,,,https://hellofriendbooks.com/wp-content/uploads/2024/09/Amz-56-Farm-Finger-Paint-Set.png,2,Hello Friend Books Fingerprint Painting Activity Book: Princess – Fun Colouring and Painting Art Kit with Thumbrint Pad,
hello-friend-books-fingerprint-painting-activity-book-princess-fun-colouring-and-painting-art-kit-with-thumbrint-pad,,,,,,,,,,,,,,,,,https://hellofriendbooks.com/wp-content/uploads/2024/09/Amz-56-Princess-Colouring-Book-Finger-Paint-Inner-pages.png,3,Hello Friend Books Fingerprint Painting Activity Book: Princess – Fun Colouring and Painting Art Kit with Thumbrint Pad,
hello-friend-books-fingerprint-painting-activity-book-princess-fun-colouring-and-painting-art-kit-with-thumbrint-pad,,,,,,,,,,,,,,,,,https://hellofriendbooks.com/wp-content/uploads/2024/09/Amz-56-Princess-Colouring-Book-Finger-Paint-Set.png,4,Hello Friend Books Fingerprint Painting Activity Book: Princess – Fun Colouring and Painting Art Kit with Thumbrint Pad,
hello-friend-books-fingerprint-painting-activity-book-princess-fun-colouring-and-painting-art-kit-with-thumbrint-pad,,,,,,,,,,,,,,,,,https://hellofriendbooks.com/wp-content/uploads/2024/09/Amz-56-Princess-Colouring-Book-Finger-Paint-Set-Back.png,5,Hello Friend Books Fingerprint Painting Activity Book: Princess – Fun Colouring and Painting Art Kit with Thumbrint Pad,
hello-friend-books-unicorn-puzzle-book-board-book-with-jigsaw-puzzles-for-kids,Hello Friend Books Unicorn Puzzle Book: Board Book with Jigsaw Puzzles for Kids,"<p>Embark on a magical journey through enchanting realms with the Unicorn Puzzle Board Book. Each sturdy page unveils captivating illustrations of whimsical unicorns and fantastical landscapes. Engaging puzzles await, challenging young adventurers to fit pieces into their corresponding slots, revealing delightful scenes like rainbow-filled skies and sparkling waterfalls. Through interactive play, children develop problem-solving skills and hand-eye coordination while exploring the wonders of unicorn lore and imagination. Perfect for little dreamers and unicorn enthusiasts, this enchanting book offers hours of entertainment and educational value, fostering creativity and igniting imaginations with every puzzle piece placed in this mystical world of unicorns.</p>",,Books,"children-books, books, 1-3-years, 4-7-years, gender-neutral, interactive-books, creative-books, puzzle-books, girls",TRUE,,,,,deny,manual,295.00,,TRUE,TRUE,https://hellofriendbooks.com/wp-content/uploads/2024/09/AMZ-131-Unicorn-Puzzle-Board-Book-front-RPB-003.png,1,Hello Friend Books Unicorn Puzzle Book: Board Book with Jigsaw Puzzles for Kids,active
hello-friend-books-unicorn-puzzle-book-board-book-with-jigsaw-puzzles-for-kids,,,,,,,,,,,,,,,,,https://hellofriendbooks.com/wp-content/uploads/2024/09/AMZ-131-Unicorn-Puzzle-Board-Book-inner-RPB-003.png,2,Hello Friend Books Unicorn Puzzle Book: Board Book with Jigsaw Puzzles for Kids,
hello-friend-books-unicorn-puzzle-book-board-book-with-jigsaw-puzzles-for-kids,,,,,,,,,,,,,,,,,https://hellofriendbooks.com/wp-content/uploads/2024/09/AMZ-131-Unicorn-Puzzle-Board-Book-inner2-RPB-003.png,3,Hello Friend Books Unicorn Puzzle Book: Board Book with Jigsaw Puzzles for Kids,
hello-friend-books-unicorn-puzzle-book-board-book-with-jigsaw-puzzles-for-kids,,,,,,,,,,,,,,,,,https://hellofriendbooks.com/wp-content/uploads/2024/09/AMZ-131-Unicorn-Puzzle-Board-Book-back-RPB-003.png,4,Hello Friend Books Unicorn Puzzle Book: Board Book with Jigsaw Puzzles for Kids,
hello-friend-books-wobbly-eyes-story-board-book-winnie-the-butterfly-story-board-book-with-googly-eyes-for-fun-and-interactive-learning-for-kids,Hello Friend Books Wobbly Eyes Story Board Book: Winnie the Butterfly – Story Board Book with Googly Eyes for Fun and Interactive Learning for Kids,"<p>“Winnie the Butterfly” wobbly eyes story board book captivates young minds with its enchanting narrative and interactive elements. Featuring charming illustrations and whimsical storytelling, this book takes children on a delightful journey with Winnie the Butterfly. The addition of wobbly eyes on each page adds an element of surprise and engagement, encouraging kids to interact with the story in a playful way. As children follow Winnie’s adventures, they develop essential language skills, spark their imagination, and enhance fine motor skills. With its combination of storytelling and interactive features, “Winnie the Butterfly” offers a delightful reading experience that young readers will adore.</p>",,Books,"children-books, books, 1-3-years, 4-7-years, girls, interactive-books, creative-books, puzzle-books, google-eyes-books",TRUE,,,,,deny,manual,295.00,,TRUE,TRUE,https://hellofriendbooks.com/wp-content/uploads/2024/09/AMZ-132-Butterfly-Wobbly-Eyes-Front-EBB-003.png,1,Hello Friend Books Wobbly Eyes Story Board Book: Winnie the Butterfly – Story Board Book with Googly Eyes for Fun and Interactive Learning for Kids,active
hello-friend-books-wobbly-eyes-story-board-book-winnie-the-butterfly-story-board-book-with-googly-eyes-for-fun-and-interactive-learning-for-kids,,,,,,,,,,,,,,,,,https://hellofriendbooks.com/wp-content/uploads/2024/09/AMZ-132-Butterfly-Wobbly-Eyes-inner-EBB-003.png,2,Hello Friend Books Wobbly Eyes Story Board Book: Winnie the Butterfly – Story Board Book with Googly Eyes for Fun and Interactive Learning for Kids,
hello-friend-books-wobbly-eyes-story-board-book-winnie-the-butterfly-story-board-book-with-googly-eyes-for-fun-and-interactive-learning-for-kids,,,,,,,,,,,,,,,,,https://hellofriendbooks.com/wp-content/uploads/2024/09/AMZ-132-Butterfly-Wobbly-Eyes-inner1-EBB-003.png,3,Hello Friend Books Wobbly Eyes Story Board Book: Winnie the Butterfly – Story Board Book with Googly Eyes for Fun and Interactive Learning for Kids,
hello-friend-books-wobbly-eyes-story-board-book-winnie-the-butterfly-story-board-book-with-googly-eyes-for-fun-and-interactive-learning-for-kids,,,,,,,,,,,,,,,,,https://hellofriendbooks.com/wp-content/uploads/2024/09/AMZ-132-Butterfly-Wobbly-Eyes-back-EBB-003.png,4,Hello Friend Books Wobbly Eyes Story Board Book: Winnie the Butterfly – Story Board Book with Googly Eyes for Fun and Interactive Learning for Kids,
hello-friend-books-wobbly-eyes-story-board-book-pretty-princess-story-board-book-with-googly-eyes-for-fun-and-interactive-learning-for-kids,Hello Friend Books Wobbly Eyes Story Board Book: Pretty Princess – Story Board Book with Googly Eyes for Fun and Interactive Learning for Kids,"<p>“Pretty Princess” wobbly eyes story board book enchants young readers with its delightful tale and interactive features. The googly eyes that adorn the pages add a whimsical touch, inviting children to engage with the story in a fun and playful way. As kids follow the adventures of the princess, they develop language skills, imagination, and fine motor skills. The wobbly eyes create moments of surprise and laughter, making the reading experience even more enjoyable. This board book not only entertains but also educates, sparking creativity and fostering a love for storytelling in children. It’s a charming addition to any child’s bookshelf.</p>",,Books,"children-books, books, 1-3-years, 4-7-years, girls, interactive-books, creative-books, puzzle-books, google-eyes-books",TRUE,,,,,deny,manual,295.00,,TRUE,TRUE,https://hellofriendbooks.com/wp-content/uploads/2024/09/AMZ-132-Princess-Wobbly-Eyes-front-EBB-002.png,1,Hello Friend Books Wobbly Eyes Story Board Book: Pretty Princess – Story Board Book with Googly Eyes for Fun and Interactive Learning for Kids,active
hello-friend-books-wobbly-eyes-story-board-book-pretty-princess-story-board-book-with-googly-eyes-for-fun-and-interactive-learning-for-kids,,,,,,,,,,,,,,,,,https://hellofriendbooks.com/wp-content/uploads/2024/09/AMZ-132-Princess-Wobbly-Eyes-Inner-EBB-002.png,2,Hello Friend Books Wobbly Eyes Story Board Book: Pretty Princess – Story Board Book with Googly Eyes for Fun and Interactive Learning for Kids,
hello-friend-books-wobbly-eyes-story-board-book-pretty-princess-story-board-book-with-googly-eyes-for-fun-and-interactive-learning-for-kids,,,,,,,,,,,,,,,,,https://hellofriendbooks.com/wp-content/uploads/2024/09/AMZ-132-Princess-Wobbly-Eyes-Inner1-EBB-002.png,3,Hello Friend Books Wobbly Eyes Story Board Book: Pretty Princess – Story Board Book with Googly Eyes for Fun and Interactive Learning for Kids,
hello-friend-books-wobbly-eyes-story-board-book-pretty-princess-story-board-book-with-googly-eyes-for-fun-and-interactive-learning-for-kids,,,,,,,,,,,,,,,,,https://hellofriendbooks.com/wp-content/uploads/2024/09/AMZ-132-Princess-Wobbly-Eyes-back-EBB-002.png,4,Hello Friend Books Wobbly Eyes Story Board Book: Pretty Princess – Story Board Book with Googly Eyes for Fun and Interactive Learning for Kids,
hello-friend-books-my-super-365-colouring-book-practice-colouring-drawing-and-painting-every-day-of-the-year-book-1,"Hello Friend Books My Super 365 Colouring Book: Practice Colouring, Drawing and Painting Every Day of the Year (Book 1)","<p>“My Super 365 Colouring Book” is a captivating and comprehensive coloring adventure that promises a year-round supply of creative fun. With 365 unique illustrations, one for each day of the year, this book offers endless opportunities for artistic expression and imagination. From whimsical landscapes to adorable animals, intricate mandalas to enchanting scenes, there’s something for everyone to enjoy. Whether you’re seeking relaxation, inspiration, or simply a way to unwind, this coloring book has you covered. Perfect for artists of all ages, it encourages mindfulness, creativity, and a love for the wonderful world of coloring. Let the coloring journey begin!</p>",,Books,"children-books, books, 1-3-years, 4-7-years, girls, boys, gender-neutral, stories, interactive-books, creative-books, activity-books, coloring-book",TRUE,,,,,deny,manual,295.00,,TRUE,TRUE,https://hellofriendbooks.com/wp-content/uploads/2024/09/Amz-108-365-Colouring-Front-HCB-001.png,1,"Hello Friend Books My Super 365 Colouring Book: Practice Colouring, Drawing and Painting Every Day of the Year (Book 1)",active
hello-friend-books-my-super-365-colouring-book-practice-colouring-drawing-and-painting-every-day-of-the-year-book-1,,,,,,,,,,,,,,,,,https://hellofriendbooks.com/wp-content/uploads/2024/09/Amz-108-365-Colouring-Inner2-HCB-001.png,2,"Hello Friend Books My Super 365 Colouring Book: Practice Colouring, Drawing and Painting Every Day of the Year (Book 1)",
hello-friend-books-my-super-365-colouring-book-practice-colouring-drawing-and-painting-every-day-of-the-year-book-1,,,,,,,,,,,,,,,,,https://hellofriendbooks.com/wp-content/uploads/2024/09/Amz-108-365-Colouring-Back-HCB-001.png,3,"Hello Friend Books My Super 365 Colouring Book: Practice Colouring, Drawing and Painting Every Day of the Year (Book 1)",
hello-friend-books-magnetic-play-book-learn-numbers-magnetic-board-book-with-15-magnet-puzzle-pieces,Hello Friend Books Magnetic Play Book: Learn Numbers- Magnetic Board Book with 15 Magnet Puzzle Pieces,"<p>At the Farm Magnet Play board book with Magnet Stickers & Story book Learning Basic Concept.A complete bundle of learn, play and fun. Use magnetic energies to play and reuse all over the book. Feel in numbers and basic concepts. Guides you with first words and enhances vocabulary includes 15 magnetic pieces</p>",,Books,"children-books, books, 1-3-years, 4-7-years, girls, boys, gender-neutral, stories, interactive-books, creative-books, activity-books, magnetic-book, learning-books, educational-books, numbers",TRUE,,,,,deny,manual,295.00,,TRUE,TRUE,https://hellofriendbooks.com/wp-content/uploads/2024/09/Amz-033-Magnet-Boarrd-book-B-Front-NOV-30-1.png,1,Hello Friend Books Magnetic Play Book: Learn Numbers- Magnetic Board Book with 15 Magnet Puzzle Pieces,active
hello-friend-books-magnetic-play-book-learn-numbers-magnetic-board-book-with-15-magnet-puzzle-pieces,,,,,,,,,,,,,,,,,https://hellofriendbooks.com/wp-content/uploads/2024/09/Amz-033-Magnet-Boarrd-book-Magnet-Pcs-NOV-30-1.png,2,Hello Friend Books Magnetic Play Book: Learn Numbers- Magnetic Board Book with 15 Magnet Puzzle Pieces,
hello-friend-books-magnetic-play-book-learn-numbers-magnetic-board-book-with-15-magnet-puzzle-pieces,,,,,,,,,,,,,,,,,https://hellofriendbooks.com/wp-content/uploads/2024/09/Amz-033-Magnet-Boarrd-book-Inside-NOV-30-1.png,3,Hello Friend Books Magnetic Play Book: Learn Numbers- Magnetic Board Book with 15 Magnet Puzzle Pieces,
hello-friend-books-magnetic-play-book-learn-numbers-magnetic-board-book-with-15-magnet-puzzle-pieces,,,,,,,,,,,,,,,,,https://hellofriendbooks.com/wp-content/uploads/2024/09/Amz-033-Magnet-Boarrd-book-Inner-pages-NOV-30-2.png,4,Hello Friend Books Magnetic Play Book: Learn Numbers- Magnetic Board Book with 15 Magnet Puzzle Pieces,
hello-friend-books-magnetic-play-book-learn-numbers-magnetic-board-book-with-15-magnet-puzzle-pieces,,,,,,,,,,,,,,,,,https://hellofriendbooks.com/wp-content/uploads/2024/09/Amz-033-Magnet-Boarrd-book-Back-NOV-30-1.png,5,Hello Friend Books Magnetic Play Book: Learn Numbers- Magnetic Board Book with 15 Magnet Puzzle Pieces,
hello-friend-books-magnetic-play-book-learn-first-words-magnetic-board-book-with-15-magnet-puzzle-pieces,Hello Friend Books Magnetic Play Book: Learn First Words- Magnetic Board Book with 15 Magnet Puzzle Pieces,"<p>Animals Magnet Play board book with Magnet Stickers & Story book Learning Basic Concept. A complete bundle of learn, play and fun. Use magnetic energies to play and reuse all over the book. Feel in numbers and basic concepts.Guides you with first words and enhances vocabulary includes 15 magnetic pieces</p>",,Books,"children-books, books, 1-3-years, 4-7-years, girls, boys, gender-neutral, stories, interactive-books, creative-books, activity-books, magnetic-book, learning-books, educational-books, words",TRUE,,,,,deny,manual,295.00,,TRUE,TRUE,https://hellofriendbooks.com/wp-content/uploads/2024/09/Amz-033-Magnet-Boarrd-book-Front-B-NOV-10.png,1,Hello Friend Books Magnetic Play Book: Learn First Words- Magnetic Board Book with 15 Magnet Puzzle Pieces,active
hello-friend-books-magnetic-play-book-learn-first-words-magnetic-board-book-with-15-magnet-puzzle-pieces,,,,,,,,,,,,,,,,,https://hellofriendbooks.com/wp-content/uploads/2024/09/Amz-033-Magnet-Boarrd-book-Magnet-Pcs-NOV-10.png,2,Hello Friend Books Magnetic Play Book: Learn First Words- Magnetic Board Book with 15 Magnet Puzzle Pieces,
hello-friend-books-magnetic-play-book-learn-first-words-magnetic-board-book-with-15-magnet-puzzle-pieces,,,,,,,,,,,,,,,,,https://hellofriendbooks.com/wp-content/uploads/2024/09/Amz-033-Magnet-Boarrd-book-Inner-pages-NOV-30.png,3,Hello Friend Books Magnetic Play Book: Learn First Words- Magnetic Board Book with 15 Magnet Puzzle Pieces,
hello-friend-books-magnetic-play-book-learn-first-words-magnetic-board-book-with-15-magnet-puzzle-pieces,,,,,,,,,,,,,,,,,https://hellofriendbooks.com/wp-content/uploads/2024/09/Amz-033-Magnet-Boarrd-book-Inside-NOV-10.png,4,Hello Friend Books Magnetic Play Book: Learn First Words- Magnetic Board Book with 15 Magnet Puzzle Pieces,
hello-friend-books-magnetic-play-book-learn-first-words-magnetic-board-book-with-15-magnet-puzzle-pieces,,,,,,,,,,,,,,,,,https://hellofriendbooks.com/wp-content/uploads/2024/09/Amz-033-Magnet-Boarrd-book-Back-NOV-10.png,5,Hello Friend Books Magnetic Play Book: Learn First Words- Magnetic Board Book with 15 Magnet Puzzle Pieces,
hello-friend-books-ever-enchanted-stories-5-in-1-aesops-fables-a-captivating-compilation-of-timeless-fables-book-1,Hello Friend Books Ever Enchanted Stories: 5 In 1 Aesop’s Fables –  A Captivating Compilation of Timeless Fables (Book 1),"<p>“Ever Enchanted Stories: 5 In 1 Aesop’s Fables – A Captivating Compilation of Timeless Fables (Book 1)” presents a treasury of ancient wisdom through beloved tales. Each fable, enriched with vibrant illustrations, imparts moral lessons through the adventures of animals and mythical creatures. From the industrious ant to the cunning fox, readers journey through timeless narratives like “The Boy Who Cried Wolf” and “The Lion and the Mouse.” These captivating stories entertain while instilling essential values such as honesty, kindness, and perseverance. This enchanting collection transcends generations, offering readers of all ages an opportunity to glean insights into human nature and ethical behavior.</p>",,Books,"children-books, books, 4-7-years, 8+-years, girls, boys, gender-neutral, stories, interactive-books, creative-books, story-books",TRUE,,,,,deny,manual,295.00,,TRUE,TRUE,https://hellofriendbooks.com/wp-content/uploads/2024/09/AMZ-148-5-in-1-bed-time-story-Front-BST-003.png,1,Hello Friend Books Ever Enchanted Stories: 5 In 1 Aesop’s Fables –  A Captivating Compilation of Timeless Fables (Book 1),active
hello-friend-books-ever-enchanted-stories-5-in-1-aesops-fables-a-captivating-compilation-of-timeless-fables-book-1,,,,,,,,,,,,,,,,,https://hellofriendbooks.com/wp-content/uploads/2024/09/AMZ-148-5-in-1-bed-time-story-Inner-BST-003.png,2,Hello Friend Books Ever Enchanted Stories: 5 In 1 Aesop’s Fables –  A Captivating Compilation of Timeless Fables (Book 1),
hello-friend-books-ever-enchanted-stories-5-in-1-aesops-fables-a-captivating-compilation-of-timeless-fables-book-1,,,,,,,,,,,,,,,,,https://hellofriendbooks.com/wp-content/uploads/2024/09/AMZ-148-5-in-1-bed-time-story-Inner1-BST-003.png,3,Hello Friend Books Ever Enchanted Stories: 5 In 1 Aesop’s Fables –  A Captivating Compilation of Timeless Fables (Book 1),
hello-friend-books-ever-enchanted-stories-5-in-1-aesops-fables-a-captivating-compilation-of-timeless-fables-book-1,,,,,,,,,,,,,,,,,https://hellofriendbooks.com/wp-content/uploads/2024/09/AMZ-148-5-in-1-bed-time-story-Back-BST-003.png,4,Hello Friend Books Ever Enchanted Stories: 5 In 1 Aesop’s Fables –  A Captivating Compilation of Timeless Fables (Book 1),
hello-friend-books-ever-enchanted-stories-5-in-1-aesops-fables-a-captivating-compilation-of-timeless-fables-book-2,Hello Friend Books Ever Enchanted Stories: 5 In 1 Aesop’s Fables –  A Captivating Compilation of Timeless Fables (Book 2),"<p>“Ever Enchanted Stories: 5 In 1 Aesop’s Fables – A Captivating Compilation of Timeless Fables (Book 2)” brings together cherished moral tales from ancient Greece. Through vivid storytelling and captivating illustrations, readers are transported into the world of anthropomorphic animals, wise moral lessons, and timeless wisdom. From “The Tortoise and the Hare” to “The Ant and the Grasshopper,” each fable offers valuable insights into human nature and behavior. This captivating collection not only entertains but also educates, fostering moral development and critical thinking in readers of all ages. It’s a treasured addition to any library, offering endless enchantment and lessons for life.</p>",,Books,"children-books, books, 4-7-years, 8+-years, girls, boys, gender-neutral, stories, interactive-books, creative-books, story-books",TRUE,,,,,deny,manual,295.00,,TRUE,TRUE,https://hellofriendbooks.com/wp-content/uploads/2024/09/AMZ-148-5-in-1-bed-time-story-Front-BST-004.png,1,Hello Friend Books Ever Enchanted Stories: 5 In 1 Aesop’s Fables –  A Captivating Compilation of Timeless Fables (Book 2),active
hello-friend-books-ever-enchanted-stories-5-in-1-aesops-fables-a-captivating-compilation-of-timeless-fables-book-2,,,,,,,,,,,,,,,,,https://hellofriendbooks.com/wp-content/uploads/2024/09/AMZ-148-5-in-1-bed-time-story-Inner-BST-004.png,2,Hello Friend Books Ever Enchanted Stories: 5 In 1 Aesop’s Fables –  A Captivating Compilation of Timeless Fables (Book 2),
hello-friend-books-ever-enchanted-stories-5-in-1-aesops-fables-a-captivating-compilation-of-timeless-fables-book-2,,,,,,,,,,,,,,,,,https://hellofriendbooks.com/wp-content/uploads/2024/09/AMZ-148-5-in-1-bed-time-story-Inner1-BST-004.png,3,Hello Friend Books Ever Enchanted Stories: 5 In 1 Aesop’s Fables –  A Captivating Compilation of Timeless Fables (Book 2),
hello-friend-books-ever-enchanted-stories-5-in-1-aesops-fables-a-captivating-compilation-of-timeless-fables-book-2,,,,,,,,,,,,,,,,,https://hellofriendbooks.com/wp-content/uploads/2024/09/AMZ-148-5-in-1-bed-time-story-Back-BST-004.png,4,Hello Friend Books Ever Enchanted Stories: 5 In 1 Aesop’s Fables –  A Captivating Compilation of Timeless Fables (Book 2),
hello-friend-books-i-can-create-clay-models-board-book-use-clay-to-create-fun-and-interactive-clay-models-with-10-clay-colours-and-instructions,Hello Friend Books I Can Create Clay Models Board Book: Use Clay to Create Fun and Interactive Clay Models – With 10 Clay Colours and Instructions,"<p>“I Can Create Clay Models” is an engaging guide for beginners in sculpting. Through step-by-step instructions and colorful illustrations, it teaches fundamental techniques in clay modeling. From basic shapes to intricate designs, the book encourages creativity while fostering fine motor skills and artistic expression. Perfect for aspiring sculptors of all ages</p>",,Books,"children-books, books, 1-3-years, 4-7-years, gender-neutral, girls, boys, stories, interactive-books, creative-books, activity-books, learning-books, book-with-clay",TRUE,,,,,deny,manual,295.00,,TRUE,TRUE,https://hellofriendbooks.com/wp-content/uploads/2024/09/Amz-Clay-Model-book-Front-B-NOV010.png,1,Hello Friend Books I Can Create Clay Models Board Book: Use Clay to Create Fun and Interactive Clay Models – With 10 Clay Colours and Instructions,active
hello-friend-books-i-can-create-clay-models-board-book-use-clay-to-create-fun-and-interactive-clay-models-with-10-clay-colours-and-instructions,,,,,,,,,,,,,,,,,https://hellofriendbooks.com/wp-content/uploads/2024/09/Amz-Clay-Model-book-Clay-NOV010.png,2,Hello Friend Books I Can Create Clay Models Board Book: Use Clay to Create Fun and Interactive Clay Models – With 10 Clay Colours and Instructions,
hello-friend-books-i-can-create-clay-models-board-book-use-clay-to-create-fun-and-interactive-clay-models-with-10-clay-colours-and-instructions,,,,,,,,,,,,,,,,,https://hellofriendbooks.com/wp-content/uploads/2024/09/Amz-Clay-Model-book-Inner-book-NOV010.png,3,Hello Friend Books I Can Create Clay Models Board Book: Use Clay to Create Fun and Interactive Clay Models – With 10 Clay Colours and Instructions,
hello-friend-books-i-can-create-clay-models-board-book-use-clay-to-create-fun-and-interactive-clay-models-with-10-clay-colours-and-instructions,,,,,,,,,,,,,,,,,https://hellofriendbooks.com/wp-content/uploads/2024/09/Amz-Clay-Model-book-Inside-book-NOV010.png,4,Hello Friend Books I Can Create Clay Models Board Book: Use Clay to Create Fun and Interactive Clay Models – With 10 Clay Colours and Instructions,
hello-friend-books-i-can-create-clay-models-board-book-use-clay-to-create-fun-and-interactive-clay-models-with-10-clay-colours-and-instructions,,,,,,,,,,,,,,,,,https://hellofriendbooks.com/wp-content/uploads/2024/09/Amz-Clay-Model-book-Back-NOV010.png,5,Hello Friend Books I Can Create Clay Models Board Book: Use Clay to Create Fun and Interactive Clay Models – With 10 Clay Colours and Instructions,
hello-friend-books-my-portable-fashion-sticker-and-colouring-bag-practice-colouring-with-easy-to-handle-and-carry-book-perfect-for-girls-travel-and-gifting,"Hello Friend Books My Portable Fashion Sticker and Colouring Bag: Practice Colouring with Easy to Handle and Carry Book – Perfect for Girls, Travel and Gifting","<p>My Handle Farm Coloring Bag with non-tear able Plastic Cover and easy Handle 4+. Farm Coloring Bag with plastic printed non-tear able cover, water resistant, avoids damage with easy handle to carry the boo by small child toddler. Includes stickers and multiple pages to color with easy to flat open wire-binding.</p>",,Books,"children-books, books, 1-3-years, 4-7-years, 8+-years, girls, stories, interactive-books, creative-books, activity-books, coloring-book",TRUE,,,,,deny,manual,295.00,,TRUE,TRUE,https://hellofriendbooks.com/wp-content/uploads/2024/09/AMZ-57-My-Handle-Princess-B-Coloring-Front-COP-006.png,1,"Hello Friend Books My Portable Fashion Sticker and Colouring Bag: Practice Colouring with Easy to Handle and Carry Book – Perfect for Girls, Travel and Gifting",active
hello-friend-books-my-portable-fashion-sticker-and-colouring-bag-practice-colouring-with-easy-to-handle-and-carry-book-perfect-for-girls-travel-and-gifting,,,,,,,,,,,,,,,,,https://hellofriendbooks.com/wp-content/uploads/2024/09/AMZ-57-My-Handle-Princess-Coloring-Inside-COP-006.png,2,"Hello Friend Books My Portable Fashion Sticker and Colouring Bag: Practice Colouring with Easy to Handle and Carry Book – Perfect for Girls, Travel and Gifting",
hello-friend-books-my-portable-fashion-sticker-and-colouring-bag-practice-colouring-with-easy-to-handle-and-carry-book-perfect-for-girls-travel-and-gifting,,,,,,,,,,,,,,,,,https://hellofriendbooks.com/wp-content/uploads/2024/09/AMZ-57-My-Handle-Princess-Coloring-Inner-COP-006.png,3,"Hello Friend Books My Portable Fashion Sticker and Colouring Bag: Practice Colouring with Easy to Handle and Carry Book – Perfect for Girls, Travel and Gifting",
hello-friend-books-my-portable-fashion-sticker-and-colouring-bag-practice-colouring-with-easy-to-handle-and-carry-book-perfect-for-girls-travel-and-gifting,,,,,,,,,,,,,,,,,https://hellofriendbooks.com/wp-content/uploads/2024/09/AMZ-57-My-Handle-Princess-Coloring-Back-COP-006.png,4,"Hello Friend Books My Portable Fashion Sticker and Colouring Bag: Practice Colouring with Easy to Handle and Carry Book – Perfect for Girls, Travel and Gifting",
hello-friend-books-princess-colouring-kit-the-ultimate-art-kit-for-kids-includes-stickers-colour-pens-water-colours-sketch-books-and-pencils,"Hello Friend Books Princess Colouring Kit: The Ultimate Art Kit for Kids- Includes Stickers, Colour Pens, Water Colours, Sketch Books and Pencils","<p>Princess Coloring Kit with stickers, Coloring Pens & Water Color Set.Bring home the wondrous world of magical princesses and their friends, introduce the art of learning to your little one. This kit folder comes with a 48 pages coloring pad with a page of stickers, 10 sticker sheets, 10 color sketch pens, 1 color pencil, and a water paint palette with brush. There are no limitations to coloring and no labels to allow your child the freedom of creativity. Get coloring young one!</p>",,Books,"children-books, books, 1-3-years, 4-7-years, 8+-years, girls, stories, interactive-books, creative-books, activity-books, coloring-book",TRUE,,,,,deny,manual,295.00,,TRUE,TRUE,https://hellofriendbooks.com/wp-content/uploads/2024/09/Amz-058-Princess-KitB-Front-NOV026.png,1,"Hello Friend Books Princess Colouring Kit: The Ultimate Art Kit for Kids- Includes Stickers, Colour Pens, Water Colours, Sketch Books and Pencils",active
hello-friend-books-princess-colouring-kit-the-ultimate-art-kit-for-kids-includes-stickers-colour-pens-water-colours-sketch-books-and-pencils,,,,,,,,,,,,,,,,,https://hellofriendbooks.com/wp-content/uploads/2024/09/Amz-058-Princess-Kit-Inner-Pages-NOV026.png,2,"Hello Friend Books Princess Colouring Kit: The Ultimate Art Kit for Kids- Includes Stickers, Colour Pens, Water Colours, Sketch Books and Pencils",
hello-friend-books-princess-colouring-kit-the-ultimate-art-kit-for-kids-includes-stickers-colour-pens-water-colours-sketch-books-and-pencils,,,,,,,,,,,,,,,,,https://hellofriendbooks.com/wp-content/uploads/2024/09/Amz-058-Princess-Kit-Inside-NOV026.png,3,"Hello Friend Books Princess Colouring Kit: The Ultimate Art Kit for Kids- Includes Stickers, Colour Pens, Water Colours, Sketch Books and Pencils",
hello-friend-books-princess-colouring-kit-the-ultimate-art-kit-for-kids-includes-stickers-colour-pens-water-colours-sketch-books-and-pencils,,,,,,,,,,,,,,,,,https://hellofriendbooks.com/wp-content/uploads/2024/09/Amz-058-Princess-Kit-Back-NOV026.png,4,"Hello Friend Books Princess Colouring Kit: The Ultimate Art Kit for Kids- Includes Stickers, Colour Pens, Water Colours, Sketch Books and Pencils",
hello-friend-books-my-first-jigsaw-puzzle-animals-fun-and-creative-illustrated-4-x-9-puzzle-pieces-for-kids,Hello Friend Books My First Jigsaw Puzzle: Animals – Fun and Creative Illustrated 4 x 9 Puzzle Pieces for Kids,"<p>My First Jigsaw Puzzle: Animals edition introduces young children to the joy of puzzle-solving with its engaging and colorful design. With nine sturdy puzzle pieces measuring 4 x 9 inches each, this set is perfectly suited for small hands to manipulate and assemble. Featuring adorable illustrations of various animals, this puzzle sparks curiosity and encourages exploration of the animal kingdom. As children piece together the puzzle, they enhance their cognitive skills, including hand-eye coordination and problem-solving abilities. Additionally, completing the puzzle provides a sense of accomplishment, boosting confidence in young learners and fostering a love for learning through play.</p>",,Books,"children-books, books, 1-3-years, 4-7-years, gender-neutral, interactive-books, creative-books, puzzle-books, girls, boys",TRUE,,,,,deny,manual,295.00,,TRUE,TRUE,https://hellofriendbooks.com/wp-content/uploads/2024/09/Amz-74-Puzzle-boxes-2-Front.png,1,Hello Friend Books My First Jigsaw Puzzle: Animals – Fun and Creative Illustrated 4 x 9 Puzzle Pieces for Kids,active
hello-friend-books-my-first-jigsaw-puzzle-animals-fun-and-creative-illustrated-4-x-9-puzzle-pieces-for-kids,,,,,,,,,,,,,,,,,https://hellofriendbooks.com/wp-content/uploads/2024/09/Amz-74-Puzzle-boxes-2-Back.png,2,Hello Friend Books My First Jigsaw Puzzle: Animals – Fun and Creative Illustrated 4 x 9 Puzzle Pieces for Kids,
hello-friend-books-my-first-jigsaw-puzzle-princess-fun-and-creative-illustrated-4-x-9-puzzle-pieces-for-kids,Hello Friend Books My First Jigsaw Puzzle: Princess – Fun and Creative Illustrated 4 x 9 Puzzle Pieces for Kids,"<p>My First Jigsaw Puzzle: Princess edition offers young children a delightful introduction to the world of puzzles with its charming and creative design. Featuring nine sturdy puzzle pieces measuring 4 x 9 inches each, this set is perfect for little hands to grasp and manipulate. The puzzle pieces depict enchanting princess-themed illustrations that capture the imagination and foster creativity. As children assemble the puzzle, they develop essential skills such as hand-eye coordination, spatial awareness, and problem-solving. This engaging activity not only provides hours of entertainment but also promotes cognitive development and encourages a sense of accomplishment in young learners.</p>",,Books,"children-books, books, 1-3-years, 4-7-years, gender-neutral, interactive-books, creative-books, puzzle-books, girls, boys",TRUE,,,,,deny,manual,295.00,,TRUE,TRUE,https://hellofriendbooks.com/wp-content/uploads/2024/09/Amz-74-Puzzle-boxes-1-Front.png,1,Hello Friend Books My First Jigsaw Puzzle: Princess – Fun and Creative Illustrated 4 x 9 Puzzle Pieces for Kids,active
hello-friend-books-my-first-jigsaw-puzzle-princess-fun-and-creative-illustrated-4-x-9-puzzle-pieces-for-kids,,,,,,,,,,,,,,,,,https://hellofriendbooks.com/wp-content/uploads/2024/09/Amz-74-Puzzle-boxes-1-Back.png,2,Hello Friend Books My First Jigsaw Puzzle: Princess – Fun and Creative Illustrated 4 x 9 Puzzle Pieces for Kids,
